pid,state,eventid,hashKey,submit_time,timestamp,timestampString
9991n,USER_IDLE,6,1537994612000USER_IDLE9991n,"2018-09-26 13:46:27",1537994612000,"2018-09-26 13:43:32"
9991n,USER_ACTIVE,7,1537994617000USER_ACTIVE9991n,"2018-09-26 13:46:27",1537994617000,"2018-09-26 13:43:37"
9991n,USER_IDLE,6,1537994650000USER_IDLE9991n,"2018-09-26 13:46:27",1537994650000,"2018-09-26 13:44:10"
9991n,USER_ACTIVE,7,1537994653000USER_ACTIVE9991n,"2018-09-26 13:46:27",1537994653000,"2018-09-26 13:44:13"
9991n,USER_IDLE,15,1537995109000USER_IDLE9991n,"2018-09-26 14:16:27",1537995109000,"2018-09-26 13:51:49"
9991n,USER_ACTIVE,7,1537995120000USER_ACTIVE9991n,"2018-09-26 14:16:27",1537995120000,"2018-09-26 13:52:00"
9991n,USER_IDLE,6,1537996019000USER_IDLE9991n,"2018-09-26 14:16:27",1537996019000,"2018-09-26 14:06:59"
9991n,USER_ACTIVE,7,1537996021000USER_ACTIVE9991n,"2018-09-26 14:16:27",1537996021000,"2018-09-26 14:07:01"
9991n,USER_IDLE,6,1537996921000USER_IDLE9991n,"2018-09-26 14:46:27",1537996921000,"2018-09-26 14:22:01"
9991n,USER_ACTIVE,7,1537996922000USER_ACTIVE9991n,"2018-09-26 14:46:27",1537996922000,"2018-09-26 14:22:02"
9991n,USER_IDLE,6,1537997822000USER_IDLE9991n,"2018-09-26 14:46:27",1537997822000,"2018-09-26 14:37:02"
9991n,USER_ACTIVE,7,1537997824000USER_ACTIVE9991n,"2018-09-26 14:46:27",1537997824000,"2018-09-26 14:37:04"
9991n,USER_IDLE,6,1537998724000USER_IDLE9991n,"2018-09-26 15:18:43",1537998724000,"2018-09-26 14:52:04"
9991n,USER_ACTIVE,7,1537998726000USER_ACTIVE9991n,"2018-09-26 15:18:43",1537998726000,"2018-09-26 14:52:06"
9991n,USER_IDLE,6,1537999626000USER_IDLE9991n,"2018-09-26 15:18:43",1537999626000,"2018-09-26 15:07:06"
9991n,USER_ACTIVE,7,1537999628000USER_ACTIVE9991n,"2018-09-26 15:18:43",1537999628000,"2018-09-26 15:07:08"
9991n,COMPUTER_SLEEP,111,1537999859000COMPUTER_SLEEP9991n,"2018-09-26 15:18:43",1537999859000,"2018-09-26 15:10:59"
9991n,USER_IDLE,6,1537999860000USER_IDLE9991n,"2018-09-26 15:18:43",1537999860000,"2018-09-26 15:11:00"
9991n,COMPUTER_SLEEP,42,1537999883000COMPUTER_SLEEP9991n,"2018-09-26 15:48:35",1537999883000,"2018-09-26 15:11:23"
9991n,COMPUTER_ON,1,1538000334000COMPUTER_ON9991n,"2018-09-26 15:48:35",1538000334000,"2018-09-26 15:18:54"
9991n,USER_IDLE,6,1538000350000USER_IDLE9991n,"2018-09-26 15:48:35",1538000350000,"2018-09-26 15:19:10"
9991n,USER_ACTIVE,7,1538000431000USER_ACTIVE9991n,"2018-09-26 15:48:35",1538000431000,"2018-09-26 15:20:31"
9991n,USER_IDLE,6,1538001330000USER_IDLE9991n,"2018-09-26 15:48:35",1538001330000,"2018-09-26 15:35:30"
9991n,USER_ACTIVE,7,1538001337000USER_ACTIVE9991n,"2018-09-26 15:48:35",1538001337000,"2018-09-26 15:35:37"
9991n,USER_IDLE,15,1538001972000USER_IDLE9991n,"2018-09-26 15:48:35",1538001972000,"2018-09-26 15:46:12"
9991n,USER_ACTIVE,7,1538002089000USER_ACTIVE9991n,"2018-09-26 15:48:35",1538002089000,"2018-09-26 15:48:09"
9991n,USER_IDLE,15,1538002150000USER_IDLE9991n,"2018-09-26 16:18:35",1538002150000,"2018-09-26 15:49:10"
9991n,USER_ACTIVE,7,1538002269000USER_ACTIVE9991n,"2018-09-26 16:18:35",1538002269000,"2018-09-26 15:51:09"
9991n,USER_IDLE,6,1538003169000USER_IDLE9991n,"2018-09-26 16:18:35",1538003169000,"2018-09-26 16:06:09"
9991n,USER_ACTIVE,7,1538003358000USER_ACTIVE9991n,"2018-09-26 16:18:35",1538003358000,"2018-09-26 16:09:18"
9991n,USER_IDLE,6,1538004258000USER_IDLE9991n,"2018-09-26 16:48:35",1538004258000,"2018-09-26 16:24:18"
9991n,USER_ACTIVE,7,1538004260000USER_ACTIVE9991n,"2018-09-26 16:48:35",1538004260000,"2018-09-26 16:24:20"
9991n,USER_IDLE,6,1538005159000USER_IDLE9991n,"2018-09-26 16:48:35",1538005159000,"2018-09-26 16:39:19"
9991n,USER_ACTIVE,7,1538005161000USER_ACTIVE9991n,"2018-09-26 16:48:35",1538005161000,"2018-09-26 16:39:21"
9991n,USER_IDLE,6,1538006061000USER_IDLE9991n,"2018-09-26 17:18:35",1538006061000,"2018-09-26 16:54:21"
9991n,USER_ACTIVE,7,1538006063000USER_ACTIVE9991n,"2018-09-26 17:18:35",1538006063000,"2018-09-26 16:54:23"
9991n,USER_IDLE,15,1538006226000USER_IDLE9991n,"2018-09-26 17:18:35",1538006226000,"2018-09-26 16:57:06"
9991n,USER_ACTIVE,7,1538006343000USER_ACTIVE9991n,"2018-09-26 17:18:35",1538006343000,"2018-09-26 16:59:03"
9991n,USER_IDLE,15,1538006404000USER_IDLE9991n,"2018-09-26 17:18:35",1538006404000,"2018-09-26 17:00:04"
9991n,USER_ACTIVE,7,1538006416000USER_ACTIVE9991n,"2018-09-26 17:18:35",1538006416000,"2018-09-26 17:00:16"
9991n,USER_IDLE,15,1538006483000USER_IDLE9991n,"2018-09-26 17:18:35",1538006483000,"2018-09-26 17:01:23"
9991n,USER_ACTIVE,7,1538006497000USER_ACTIVE9991n,"2018-09-26 17:18:35",1538006497000,"2018-09-26 17:01:37"
9991n,USER_IDLE,15,1538006559000USER_IDLE9991n,"2018-09-26 17:18:35",1538006559000,"2018-09-26 17:02:39"
9991n,USER_ACTIVE,7,1538006679000USER_ACTIVE9991n,"2018-09-26 17:18:35",1538006679000,"2018-09-26 17:04:39"
9991n,USER_IDLE,15,1538006739000USER_IDLE9991n,"2018-09-26 17:18:35",1538006739000,"2018-09-26 17:05:39"
9991n,USER_ACTIVE,7,1538006865000USER_ACTIVE9991n,"2018-09-26 17:18:35",1538006865000,"2018-09-26 17:07:45"
9991n,USER_IDLE,15,1538007041000USER_IDLE9991n,"2018-09-26 17:18:35",1538007041000,"2018-09-26 17:10:41"
9991n,USER_ACTIVE,7,1538007208000USER_ACTIVE9991n,"2018-09-26 17:18:35",1538007208000,"2018-09-26 17:13:28"
9991n,USER_IDLE,15,1538007269000USER_IDLE9991n,"2018-09-26 17:18:35",1538007269000,"2018-09-26 17:14:29"
9991n,USER_IDLE,8,1538007810000USER_IDLE9991n,"2018-09-26 17:48:35",1538007810000,"2018-09-26 17:23:30"
9991n,USER_ACTIVE,7,1538008528000USER_ACTIVE9991n,"2018-09-26 17:48:35",1538008528000,"2018-09-26 17:35:28"
9991n,USER_IDLE,15,1538008589000USER_IDLE9991n,"2018-09-26 17:48:35",1538008589000,"2018-09-26 17:36:29"
9991n,USER_ACTIVE,7,1538008650000USER_ACTIVE9991n,"2018-09-26 17:48:35",1538008650000,"2018-09-26 17:37:30"
9991n,USER_IDLE,6,1538009550000USER_IDLE9991n,"2018-09-26 18:18:35",1538009550000,"2018-09-26 17:52:30"
9991n,USER_ACTIVE,7,1538009552000USER_ACTIVE9991n,"2018-09-26 18:18:35",1538009552000,"2018-09-26 17:52:32"
9991n,USER_IDLE,15,1538009683000USER_IDLE9991n,"2018-09-26 18:18:35",1538009683000,"2018-09-26 17:54:43"
9991n,USER_IDLE,8,1538010224000USER_IDLE9991n,"2018-09-26 18:18:35",1538010224000,"2018-09-26 18:03:44"
9991n,USER_ACTIVE,7,1538010572000USER_ACTIVE9991n,"2018-09-26 18:18:35",1538010572000,"2018-09-26 18:09:32"
9991n,USER_IDLE,15,1538010632000USER_IDLE9991n,"2018-09-26 18:18:35",1538010632000,"2018-09-26 18:10:32"
9991n,USER_IDLE,8,1538011172000USER_IDLE9991n,"2018-09-26 18:48:35",1538011172000,"2018-09-26 18:19:32"
9991n,USER_IDLE,6,1538012071000USER_IDLE9991n,"2018-09-26 18:48:35",1538012071000,"2018-09-26 18:34:31"
9991n,USER_IDLE,8,1538012672000USER_IDLE9991n,"2018-09-26 18:48:35",1538012672000,"2018-09-26 18:44:32"
9991n,USER_IDLE,6,1538013572000USER_IDLE9991n,"2018-09-26 19:18:35",1538013572000,"2018-09-26 18:59:32"
9991n,USER_IDLE,8,1538014173000USER_IDLE9991n,"2018-09-26 19:18:35",1538014173000,"2018-09-26 19:09:33"
9991n,USER_IDLE,6,1538015072000USER_IDLE9991n,"2018-09-26 19:48:35",1538015072000,"2018-09-26 19:24:32"
9991n,USER_IDLE,8,1538015673000USER_IDLE9991n,"2018-09-26 19:48:35",1538015673000,"2018-09-26 19:34:33"
9991n,USER_IDLE,6,1538016573000USER_IDLE9991n,"2018-09-26 20:18:35",1538016573000,"2018-09-26 19:49:33"
9991n,USER_IDLE,8,1538017174000USER_IDLE9991n,"2018-09-26 20:18:35",1538017174000,"2018-09-26 19:59:34"
9991n,USER_IDLE,6,1538018073000USER_IDLE9991n,"2018-09-26 20:18:35",1538018073000,"2018-09-26 20:14:33"
9991n,USER_ACTIVE,7,1538018079000USER_ACTIVE9991n,"2018-09-26 20:18:35",1538018079000,"2018-09-26 20:14:39"
9991n,USER_IDLE,15,1538018140000USER_IDLE9991n,"2018-09-26 20:18:35",1538018140000,"2018-09-26 20:15:40"
9991n,USER_ACTIVE,7,1538018209000USER_ACTIVE9991n,"2018-09-26 20:18:35",1538018209000,"2018-09-26 20:16:49"
9991n,USER_IDLE,15,1538018520000USER_IDLE9991n,"2018-09-26 20:48:35",1538018520000,"2018-09-26 20:22:00"
9991n,USER_ACTIVE,7,1538018538000USER_ACTIVE9991n,"2018-09-26 20:48:35",1538018538000,"2018-09-26 20:22:18"
9991n,USER_IDLE,15,1538018613000USER_IDLE9991n,"2018-09-26 20:48:35",1538018613000,"2018-09-26 20:23:33"
9991n,USER_ACTIVE,7,1538018685000USER_ACTIVE9991n,"2018-09-26 20:48:35",1538018685000,"2018-09-26 20:24:45"
9991n,USER_IDLE,15,1538018748000USER_IDLE9991n,"2018-09-26 20:48:35",1538018748000,"2018-09-26 20:25:48"
9991n,USER_ACTIVE,7,1538018797000USER_ACTIVE9991n,"2018-09-26 20:48:35",1538018797000,"2018-09-26 20:26:37"
9991n,USER_IDLE,15,1538019013000USER_IDLE9991n,"2018-09-26 20:48:35",1538019013000,"2018-09-26 20:30:13"
9991n,USER_ACTIVE,7,1538019468000USER_ACTIVE9991n,"2018-09-26 20:48:35",1538019468000,"2018-09-26 20:37:48"
9991n,USER_IDLE,15,1538019530000USER_IDLE9991n,"2018-09-26 20:48:35",1538019530000,"2018-09-26 20:38:50"
9991n,USER_IDLE,8,1538020070000USER_IDLE9991n,"2018-09-26 20:48:35",1538020070000,"2018-09-26 20:47:50"
9991n,USER_IDLE,6,1538020969000USER_IDLE9991n,"2018-09-26 21:18:35",1538020969000,"2018-09-26 21:02:49"
9991n,USER_IDLE,8,1538021570000USER_IDLE9991n,"2018-09-26 21:18:35",1538021570000,"2018-09-26 21:12:50"
9991n,USER_ACTIVE,7,1538022095000USER_ACTIVE9991n,"2018-09-26 21:48:35",1538022095000,"2018-09-26 21:21:35"
9991n,USER_IDLE,15,1538022178000USER_IDLE9991n,"2018-09-26 21:48:35",1538022178000,"2018-09-26 21:22:58"
9991n,USER_ACTIVE,7,1538022180000USER_ACTIVE9991n,"2018-09-26 21:48:35",1538022180000,"2018-09-26 21:23:00"
9991n,USER_IDLE,15,1538022240000USER_IDLE9991n,"2018-09-26 21:48:35",1538022240000,"2018-09-26 21:24:00"
9991n,USER_IDLE,8,1538022781000USER_IDLE9991n,"2018-09-26 21:48:35",1538022781000,"2018-09-26 21:33:01"
9991n,USER_IDLE,6,1538023680000USER_IDLE9991n,"2018-09-26 21:48:35",1538023680000,"2018-09-26 21:48:00"
9991n,USER_IDLE,8,1538024282000USER_IDLE9991n,"2018-09-26 22:18:35",1538024282000,"2018-09-26 21:58:02"
9991n,USER_IDLE,6,1538025181000USER_IDLE9991n,"2018-09-26 22:18:35",1538025181000,"2018-09-26 22:13:01"
9991n,USER_ACTIVE,7,1538025462000USER_ACTIVE9991n,"2018-09-26 22:18:35",1538025462000,"2018-09-26 22:17:42"
9991n,USER_IDLE,15,1538025604000USER_IDLE9991n,"2018-09-26 22:48:35",1538025604000,"2018-09-26 22:20:04"
9991n,USER_ACTIVE,7,1538025773000USER_ACTIVE9991n,"2018-09-26 22:48:35",1538025773000,"2018-09-26 22:22:53"
9991n,USER_IDLE,15,1538025862000USER_IDLE9991n,"2018-09-26 22:48:35",1538025862000,"2018-09-26 22:24:22"
9991n,USER_ACTIVE,7,1538026179000USER_ACTIVE9991n,"2018-09-26 22:48:35",1538026179000,"2018-09-26 22:29:39"
9991n,USER_IDLE,15,1538026239000USER_IDLE9991n,"2018-09-26 22:48:35",1538026239000,"2018-09-26 22:30:39"
9991n,USER_IDLE,8,1538026779000USER_IDLE9991n,"2018-09-26 22:48:35",1538026779000,"2018-09-26 22:39:39"
9991n,USER_ACTIVE,7,1538027550000USER_ACTIVE9991n,"2018-09-26 23:18:35",1538027550000,"2018-09-26 22:52:30"
9991n,USER_IDLE,15,1538027610000USER_IDLE9991n,"2018-09-26 23:18:35",1538027610000,"2018-09-26 22:53:30"
9991n,USER_IDLE,8,1538028151000USER_IDLE9991n,"2018-09-26 23:18:35",1538028151000,"2018-09-26 23:02:31"
9991n,USER_IDLE,6,1538029050000USER_IDLE9991n,"2018-09-26 23:18:35",1538029050000,"2018-09-26 23:17:30"
9991n,USER_IDLE,8,1538029651000USER_IDLE9991n,"2018-09-26 23:48:35",1538029651000,"2018-09-26 23:27:31"
9991n,USER_IDLE,6,1538030551000USER_IDLE9991n,"2018-09-26 23:48:35",1538030551000,"2018-09-26 23:42:31"
9991n,USER_IDLE,8,1538031152000USER_IDLE9991n,"2018-09-27 00:18:35",1538031152000,"2018-09-26 23:52:32"
9991n,USER_ACTIVE,7,1538031851000USER_ACTIVE9991n,"2018-09-27 00:18:35",1538031851000,"2018-09-27 00:04:11"
9991n,USER_IDLE,15,1538031995000USER_IDLE9991n,"2018-09-27 00:18:35",1538031995000,"2018-09-27 00:06:35"
9991n,USER_IDLE,8,1538032535000USER_IDLE9991n,"2018-09-27 00:18:35",1538032535000,"2018-09-27 00:15:35"
9991n,USER_IDLE,6,1538033437000USER_IDLE9991n,"2018-09-27 00:48:35",1538033437000,"2018-09-27 00:30:37"
9991n,USER_IDLE,8,1538034039000USER_IDLE9991n,"2018-09-27 00:48:35",1538034039000,"2018-09-27 00:40:39"
9991n,USER_IDLE,6,1538034938000USER_IDLE9991n,"2018-09-27 01:18:35",1538034938000,"2018-09-27 00:55:38"
9991n,USER_IDLE,8,1538035539000USER_IDLE9991n,"2018-09-27 01:18:35",1538035539000,"2018-09-27 01:05:39"
9991n,USER_IDLE,6,1538036439000USER_IDLE9991n,"2018-09-27 01:48:35",1538036439000,"2018-09-27 01:20:39"
9991n,USER_IDLE,8,1538037041000USER_IDLE9991n,"2018-09-27 01:48:35",1538037041000,"2018-09-27 01:30:41"
9991n,USER_IDLE,6,1538037940000USER_IDLE9991n,"2018-09-27 01:48:35",1538037940000,"2018-09-27 01:45:40"
9991n,USER_IDLE,8,1538038541000USER_IDLE9991n,"2018-09-27 02:18:36",1538038541000,"2018-09-27 01:55:41"
9991n,USER_IDLE,6,1538039440000USER_IDLE9991n,"2018-09-27 02:18:36",1538039440000,"2018-09-27 02:10:40"
9991n,USER_IDLE,8,1538040041000USER_IDLE9991n,"2018-09-27 02:48:36",1538040041000,"2018-09-27 02:20:41"
9991n,USER_IDLE,6,1538040941000USER_IDLE9991n,"2018-09-27 02:48:36",1538040941000,"2018-09-27 02:35:41"
9991n,USER_IDLE,8,1538041542000USER_IDLE9991n,"2018-09-27 02:48:36",1538041542000,"2018-09-27 02:45:42"
9991n,USER_IDLE,6,1538042441000USER_IDLE9991n,"2018-09-27 03:18:36",1538042441000,"2018-09-27 03:00:41"
9991n,USER_IDLE,8,1538043042000USER_IDLE9991n,"2018-09-27 03:18:36",1538043042000,"2018-09-27 03:10:42"
9991n,USER_IDLE,6,1538043942000USER_IDLE9991n,"2018-09-27 03:48:36",1538043942000,"2018-09-27 03:25:42"
9991n,USER_IDLE,8,1538044543000USER_IDLE9991n,"2018-09-27 03:48:36",1538044543000,"2018-09-27 03:35:43"
9991n,USER_IDLE,6,1538045443000USER_IDLE9991n,"2018-09-27 04:18:36",1538045443000,"2018-09-27 03:50:43"
9991n,USER_IDLE,8,1538046044000USER_IDLE9991n,"2018-09-27 04:18:36",1538046044000,"2018-09-27 04:00:44"
9991n,USER_IDLE,6,1538046944000USER_IDLE9991n,"2018-09-27 04:18:36",1538046944000,"2018-09-27 04:15:44"
9991n,USER_IDLE,8,1538047545000USER_IDLE9991n,"2018-09-27 04:48:36",1538047545000,"2018-09-27 04:25:45"
9991n,USER_IDLE,6,1538048445000USER_IDLE9991n,"2018-09-27 04:48:36",1538048445000,"2018-09-27 04:40:45"
9991n,USER_IDLE,8,1538049046000USER_IDLE9991n,"2018-09-27 05:18:36",1538049046000,"2018-09-27 04:50:46"
9991n,USER_IDLE,6,1538049945000USER_IDLE9991n,"2018-09-27 05:18:36",1538049945000,"2018-09-27 05:05:45"
9991n,USER_IDLE,8,1538050546000USER_IDLE9991n,"2018-09-27 05:18:36",1538050546000,"2018-09-27 05:15:46"
9991n,USER_IDLE,6,1538051446000USER_IDLE9991n,"2018-09-27 05:48:36",1538051446000,"2018-09-27 05:30:46"
9991n,USER_IDLE,8,1538052047000USER_IDLE9991n,"2018-09-27 05:48:36",1538052047000,"2018-09-27 05:40:47"
9991n,USER_IDLE,6,1538052946000USER_IDLE9991n,"2018-09-27 06:18:36",1538052946000,"2018-09-27 05:55:46"
9991n,USER_IDLE,8,1538053548000USER_IDLE9991n,"2018-09-27 06:18:36",1538053548000,"2018-09-27 06:05:48"
9991n,USER_IDLE,6,1538054447000USER_IDLE9991n,"2018-09-27 06:48:36",1538054447000,"2018-09-27 06:20:47"
9991n,USER_IDLE,8,1538055048000USER_IDLE9991n,"2018-09-27 06:48:36",1538055048000,"2018-09-27 06:30:48"
9991n,USER_IDLE,6,1538055947000USER_IDLE9991n,"2018-09-27 06:48:36",1538055947000,"2018-09-27 06:45:47"
9991n,USER_IDLE,8,1538056549000USER_IDLE9991n,"2018-09-27 07:18:36",1538056549000,"2018-09-27 06:55:49"
9991n,USER_IDLE,6,1538057448000USER_IDLE9991n,"2018-09-27 07:18:36",1538057448000,"2018-09-27 07:10:48"
9991n,USER_IDLE,8,1538058049000USER_IDLE9991n,"2018-09-27 07:48:36",1538058049000,"2018-09-27 07:20:49"
9991n,USER_IDLE,6,1538058948000USER_IDLE9991n,"2018-09-27 07:48:36",1538058948000,"2018-09-27 07:35:48"
9991n,USER_IDLE,8,1538059549000USER_IDLE9991n,"2018-09-27 07:48:36",1538059549000,"2018-09-27 07:45:49"
9991n,USER_IDLE,6,1538060449000USER_IDLE9991n,"2018-09-27 08:18:36",1538060449000,"2018-09-27 08:00:49"
9991n,USER_IDLE,8,1538061050000USER_IDLE9991n,"2018-09-27 08:18:36",1538061050000,"2018-09-27 08:10:50"
9991n,USER_ACTIVE,7,1538061595000USER_ACTIVE9991n,"2018-09-27 08:48:36",1538061595000,"2018-09-27 08:19:55"
9991n,USER_IDLE,15,1538061662000USER_IDLE9991n,"2018-09-27 08:48:36",1538061662000,"2018-09-27 08:21:02"
9991n,USER_ACTIVE,7,1538061708000USER_ACTIVE9991n,"2018-09-27 08:48:36",1538061708000,"2018-09-27 08:21:48"
9991n,USER_IDLE,15,1538061770000USER_IDLE9991n,"2018-09-27 08:48:36",1538061770000,"2018-09-27 08:22:50"
9991n,USER_IDLE,8,1538062310000USER_IDLE9991n,"2018-09-27 08:48:36",1538062310000,"2018-09-27 08:31:50"
9991n,USER_IDLE,6,1538063210000USER_IDLE9991n,"2018-09-27 08:48:36",1538063210000,"2018-09-27 08:46:50"
9991n,USER_IDLE,8,1538063811000USER_IDLE9991n,"2018-09-27 09:18:36",1538063811000,"2018-09-27 08:56:51"
9991n,USER_IDLE,6,1538064710000USER_IDLE9991n,"2018-09-27 09:18:36",1538064710000,"2018-09-27 09:11:50"
9991n,USER_IDLE,8,1538065311000USER_IDLE9991n,"2018-09-27 09:48:36",1538065311000,"2018-09-27 09:21:51"
9991n,USER_IDLE,6,1538066211000USER_IDLE9991n,"2018-09-27 09:48:36",1538066211000,"2018-09-27 09:36:51"
9991n,USER_IDLE,8,1538066812000USER_IDLE9991n,"2018-09-27 09:48:36",1538066812000,"2018-09-27 09:46:52"
9991n,USER_ACTIVE,7,1538066956000USER_ACTIVE9991n,"2018-09-27 10:18:36",1538066956000,"2018-09-27 09:49:16"
9991n,USER_IDLE,15,1538067085000USER_IDLE9991n,"2018-09-27 10:18:36",1538067085000,"2018-09-27 09:51:25"
9991n,USER_IDLE,8,1538067625000USER_IDLE9991n,"2018-09-27 10:18:36",1538067625000,"2018-09-27 10:00:25"
9991n,USER_IDLE,6,1538068524000USER_IDLE9991n,"2018-09-27 10:18:36",1538068524000,"2018-09-27 10:15:24"
9991n,USER_IDLE,8,1538069125000USER_IDLE9991n,"2018-09-27 10:48:36",1538069125000,"2018-09-27 10:25:25"
9991n,USER_IDLE,6,1538070025000USER_IDLE9991n,"2018-09-27 10:48:36",1538070025000,"2018-09-27 10:40:25"
9991n,USER_ACTIVE,7,1538070160000USER_ACTIVE9991n,"2018-09-27 10:48:36",1538070160000,"2018-09-27 10:42:40"
9991n,USER_IDLE,15,1538070483000USER_IDLE9991n,"2018-09-27 10:48:36",1538070483000,"2018-09-27 10:48:03"
9991n,USER_ACTIVE,7,1538070501000USER_ACTIVE9991n,"2018-09-27 10:48:36",1538070501000,"2018-09-27 10:48:21"
9991n,USER_IDLE,15,1538070840000USER_IDLE9991n,"2018-09-27 11:18:36",1538070840000,"2018-09-27 10:54:00"
9991n,USER_ACTIVE,7,1538070844000USER_ACTIVE9991n,"2018-09-27 11:18:36",1538070844000,"2018-09-27 10:54:04"
9991n,USER_IDLE,15,1538070990000USER_IDLE9991n,"2018-09-27 11:18:36",1538070990000,"2018-09-27 10:56:30"
9991n,USER_ACTIVE,7,1538071372000USER_ACTIVE9991n,"2018-09-27 11:18:36",1538071372000,"2018-09-27 11:02:52"
9991n,USER_IDLE,15,1538071453000USER_IDLE9991n,"2018-09-27 11:18:36",1538071453000,"2018-09-27 11:04:13"
9991n,USER_IDLE,8,1538071994000USER_IDLE9991n,"2018-09-27 11:18:36",1538071994000,"2018-09-27 11:13:14"
9991n,USER_IDLE,6,1538072893000USER_IDLE9991n,"2018-09-27 11:48:36",1538072893000,"2018-09-27 11:28:13"
9991n,USER_IDLE,8,1538073495000USER_IDLE9991n,"2018-09-27 11:48:36",1538073495000,"2018-09-27 11:38:15"
9991n,USER_ACTIVE,7,1538073643000USER_ACTIVE9991n,"2018-09-27 11:48:36",1538073643000,"2018-09-27 11:40:43"
9991n,USER_IDLE,15,1538073740000USER_IDLE9991n,"2018-09-27 11:48:36",1538073740000,"2018-09-27 11:42:20"
9991n,USER_ACTIVE,7,1538073947000USER_ACTIVE9991n,"2018-09-27 11:48:36",1538073947000,"2018-09-27 11:45:47"
9991n,USER_IDLE,15,1538074034000USER_IDLE9991n,"2018-09-27 11:48:36",1538074034000,"2018-09-27 11:47:14"
9991n,USER_ACTIVE,7,1538074040000USER_ACTIVE9991n,"2018-09-27 11:48:36",1538074040000,"2018-09-27 11:47:20"
9991n,USER_IDLE,15,1538074347000USER_IDLE9991n,"2018-09-27 12:18:36",1538074347000,"2018-09-27 11:52:27"
9991n,USER_ACTIVE,7,1538074389000USER_ACTIVE9991n,"2018-09-27 12:18:36",1538074389000,"2018-09-27 11:53:09"
9991n,USER_IDLE,15,1538074484000USER_IDLE9991n,"2018-09-27 12:18:36",1538074484000,"2018-09-27 11:54:44"
9991n,USER_ACTIVE,7,1538074615000USER_ACTIVE9991n,"2018-09-27 12:18:36",1538074615000,"2018-09-27 11:56:55"
9991n,USER_IDLE,15,1538074676000USER_IDLE9991n,"2018-09-27 12:18:36",1538074676000,"2018-09-27 11:57:56"
9991n,USER_IDLE,8,1538075216000USER_IDLE9991n,"2018-09-27 12:18:36",1538075216000,"2018-09-27 12:06:56"
9991n,USER_IDLE,6,1538076116000USER_IDLE9991n,"2018-09-27 12:48:36",1538076116000,"2018-09-27 12:21:56"
9991n,USER_IDLE,8,1538076717000USER_IDLE9991n,"2018-09-27 12:48:36",1538076717000,"2018-09-27 12:31:57"
9991n,USER_IDLE,6,1538077616000USER_IDLE9991n,"2018-09-27 12:48:36",1538077616000,"2018-09-27 12:46:56"
9991n,USER_IDLE,8,1538078217000USER_IDLE9991n,"2018-09-27 13:18:36",1538078217000,"2018-09-27 12:56:57"
9991n,USER_ACTIVE,7,1538078879000USER_ACTIVE9991n,"2018-09-27 13:18:36",1538078879000,"2018-09-27 13:07:59"
9991n,USER_IDLE,15,1538078939000USER_IDLE9991n,"2018-09-27 13:18:36",1538078939000,"2018-09-27 13:08:59"
9991n,USER_IDLE,8,1538079479000USER_IDLE9991n,"2018-09-27 13:18:36",1538079479000,"2018-09-27 13:17:59"
9991n,USER_ACTIVE,7,1538079519000USER_ACTIVE9991n,"2018-09-27 13:48:36",1538079519000,"2018-09-27 13:18:39"
9991n,USER_IDLE,15,1538079579000USER_IDLE9991n,"2018-09-27 13:48:36",1538079579000,"2018-09-27 13:19:39"
9991n,USER_ACTIVE,7,1538080029000USER_ACTIVE9991n,"2018-09-27 13:48:36",1538080029000,"2018-09-27 13:27:09"
9991n,USER_IDLE,15,1538080089000USER_IDLE9991n,"2018-09-27 13:48:36",1538080089000,"2018-09-27 13:28:09"
9991n,USER_IDLE,8,1538080630000USER_IDLE9991n,"2018-09-27 13:48:36",1538080630000,"2018-09-27 13:37:10"
9991n,USER_IDLE,6,1538081529000USER_IDLE9991n,"2018-09-27 14:18:36",1538081529000,"2018-09-27 13:52:09"
9991n,USER_IDLE,8,1538082130000USER_IDLE9991n,"2018-09-27 14:18:36",1538082130000,"2018-09-27 14:02:10"
9991n,USER_IDLE,6,1538083029000USER_IDLE9991n,"2018-09-27 14:18:36",1538083029000,"2018-09-27 14:17:09"
9991n,USER_ACTIVE,7,1538083041000USER_ACTIVE9991n,"2018-09-27 14:18:36",1538083041000,"2018-09-27 14:17:21"
9991n,USER_IDLE,15,1538083101000USER_IDLE9991n,"2018-09-27 14:18:36",1538083101000,"2018-09-27 14:18:21"
9991n,USER_IDLE,8,1538083642000USER_IDLE9991n,"2018-09-27 14:48:36",1538083642000,"2018-09-27 14:27:22"
9991n,USER_IDLE,6,1538084541000USER_IDLE9991n,"2018-09-27 14:48:36",1538084541000,"2018-09-27 14:42:21"
9991n,USER_IDLE,8,1538085142000USER_IDLE9991n,"2018-09-27 15:18:36",1538085142000,"2018-09-27 14:52:22"
9991n,USER_IDLE,6,1538086041000USER_IDLE9991n,"2018-09-27 15:18:36",1538086041000,"2018-09-27 15:07:21"
9991n,USER_IDLE,8,1538086643000USER_IDLE9991n,"2018-09-27 15:18:36",1538086643000,"2018-09-27 15:17:23"
9991n,USER_ACTIVE,7,1538087138000USER_ACTIVE9991n,"2018-09-27 15:48:36",1538087138000,"2018-09-27 15:25:38"
9991n,USER_IDLE,15,1538087198000USER_IDLE9991n,"2018-09-27 15:48:36",1538087198000,"2018-09-27 15:26:38"
9991n,USER_IDLE,8,1538087738000USER_IDLE9991n,"2018-09-27 15:48:36",1538087738000,"2018-09-27 15:35:38"
9991n,USER_IDLE,6,1538088637000USER_IDLE9991n,"2018-09-27 16:18:36",1538088637000,"2018-09-27 15:50:37"
9991n,USER_ACTIVE,7,1538088829000USER_ACTIVE9991n,"2018-09-27 16:18:36",1538088829000,"2018-09-27 15:53:49"
9991n,USER_IDLE,15,1538089128000USER_IDLE9991n,"2018-09-27 16:18:36",1538089128000,"2018-09-27 15:58:48"
9991n,USER_ACTIVE,7,1538089203000USER_ACTIVE9991n,"2018-09-27 16:18:36",1538089203000,"2018-09-27 16:00:03"
9991n,USER_IDLE,15,1538089503000USER_IDLE9991n,"2018-09-27 16:18:36",1538089503000,"2018-09-27 16:05:03"
9991n,USER_ACTIVE,7,1538089810000USER_ACTIVE9991n,"2018-09-27 16:18:36",1538089810000,"2018-09-27 16:10:10"
9991n,USER_IDLE,15,1538089996000USER_IDLE9991n,"2018-09-27 16:18:36",1538089996000,"2018-09-27 16:13:16"
9991n,USER_ACTIVE,7,1538090145000USER_ACTIVE9991n,"2018-09-27 16:18:36",1538090145000,"2018-09-27 16:15:45"
9991n,USER_IDLE,15,1538090559000USER_IDLE9991n,"2018-09-27 16:48:36",1538090559000,"2018-09-27 16:22:39"
9991n,USER_ACTIVE,7,1538090595000USER_ACTIVE9991n,"2018-09-27 16:48:36",1538090595000,"2018-09-27 16:23:15"
9991n,USER_IDLE,6,1538091494000USER_IDLE9991n,"2018-09-27 16:48:36",1538091494000,"2018-09-27 16:38:14"
9991n,USER_ACTIVE,7,1538091496000USER_ACTIVE9991n,"2018-09-27 16:48:36",1538091496000,"2018-09-27 16:38:16"
9991n,USER_IDLE,15,1538091576000USER_IDLE9991n,"2018-09-27 16:48:36",1538091576000,"2018-09-27 16:39:36"
9991n,USER_ACTIVE,7,1538091626000USER_ACTIVE9991n,"2018-09-27 16:48:36",1538091626000,"2018-09-27 16:40:26"
9991n,USER_IDLE,15,1538091718000USER_IDLE9991n,"2018-09-27 16:48:36",1538091718000,"2018-09-27 16:41:58"
9991n,USER_ACTIVE,7,1538091755000USER_ACTIVE9991n,"2018-09-27 16:48:36",1538091755000,"2018-09-27 16:42:35"
9991n,USER_IDLE,15,1538092198000USER_IDLE9991n,"2018-09-27 17:18:36",1538092198000,"2018-09-27 16:49:58"
9991n,USER_ACTIVE,7,1538092214000USER_ACTIVE9991n,"2018-09-27 17:18:36",1538092214000,"2018-09-27 16:50:14"
9991n,USER_IDLE,15,1538092279000USER_IDLE9991n,"2018-09-27 17:18:36",1538092279000,"2018-09-27 16:51:19"
9991n,USER_ACTIVE,7,1538092297000USER_ACTIVE9991n,"2018-09-27 17:18:36",1538092297000,"2018-09-27 16:51:37"
9991n,USER_IDLE,15,1538092669000USER_IDLE9991n,"2018-09-27 17:18:36",1538092669000,"2018-09-27 16:57:49"
9991n,USER_ACTIVE,7,1538092732000USER_ACTIVE9991n,"2018-09-27 17:18:36",1538092732000,"2018-09-27 16:58:52"
9991n,USER_IDLE,15,1538093048000USER_IDLE9991n,"2018-09-27 17:18:36",1538093048000,"2018-09-27 17:04:08"
9991n,USER_ACTIVE,7,1538093279000USER_ACTIVE9991n,"2018-09-27 17:18:36",1538093279000,"2018-09-27 17:07:59"
9991n,USER_IDLE,6,1538094178000USER_IDLE9991n,"2018-09-27 17:48:36",1538094178000,"2018-09-27 17:22:58"
9991n,USER_ACTIVE,7,1538094245000USER_ACTIVE9991n,"2018-09-27 17:48:36",1538094245000,"2018-09-27 17:24:05"
9991n,USER_IDLE,6,1538095144000USER_IDLE9991n,"2018-09-27 17:48:36",1538095144000,"2018-09-27 17:39:04"
9991n,USER_ACTIVE,7,1538095148000USER_ACTIVE9991n,"2018-09-27 17:48:36",1538095148000,"2018-09-27 17:39:08"
9991n,USER_IDLE,15,1538095352000USER_IDLE9991n,"2018-09-27 17:48:36",1538095352000,"2018-09-27 17:42:32"
9991n,USER_ACTIVE,7,1538095612000USER_ACTIVE9991n,"2018-09-27 17:48:36",1538095612000,"2018-09-27 17:46:52"
9991n,USER_IDLE,15,1538095729000USER_IDLE9991n,"2018-09-27 18:18:36",1538095729000,"2018-09-27 17:48:49"
9991n,USER_ACTIVE,7,1538095781000USER_ACTIVE9991n,"2018-09-27 18:18:36",1538095781000,"2018-09-27 17:49:41"
9991n,USER_IDLE,15,1538096462000USER_IDLE9991n,"2018-09-27 18:18:36",1538096462000,"2018-09-27 18:01:02"
9991n,USER_IDLE,8,1538097002000USER_IDLE9991n,"2018-09-27 18:18:36",1538097002000,"2018-09-27 18:10:02"
9991n,USER_IDLE,6,1538097901000USER_IDLE9991n,"2018-09-27 18:48:36",1538097901000,"2018-09-27 18:25:01"
9991n,USER_IDLE,8,1538098503000USER_IDLE9991n,"2018-09-27 18:48:36",1538098503000,"2018-09-27 18:35:03"
9991n,USER_IDLE,6,1538099402000USER_IDLE9991n,"2018-09-27 19:18:36",1538099402000,"2018-09-27 18:50:02"
9991n,USER_IDLE,8,1538100003000USER_IDLE9991n,"2018-09-27 19:18:36",1538100003000,"2018-09-27 19:00:03"
9991n,USER_IDLE,6,1538100902000USER_IDLE9991n,"2018-09-27 19:18:36",1538100902000,"2018-09-27 19:15:02"
9991n,USER_IDLE,8,1538101504000USER_IDLE9991n,"2018-09-27 19:48:36",1538101504000,"2018-09-27 19:25:04"
9991n,USER_IDLE,6,1538102403000USER_IDLE9991n,"2018-09-27 19:48:36",1538102403000,"2018-09-27 19:40:03"
9991n,USER_IDLE,8,1538103004000USER_IDLE9991n,"2018-09-27 20:18:36",1538103004000,"2018-09-27 19:50:04"
9991n,USER_IDLE,6,1538103903000USER_IDLE9991n,"2018-09-27 20:18:36",1538103903000,"2018-09-27 20:05:03"
9991n,USER_IDLE,8,1538104504000USER_IDLE9991n,"2018-09-27 20:18:36",1538104504000,"2018-09-27 20:15:04"
9991n,USER_IDLE,6,1538105404000USER_IDLE9991n,"2018-09-27 20:48:36",1538105404000,"2018-09-27 20:30:04"
9991n,USER_IDLE,8,1538106005000USER_IDLE9991n,"2018-09-27 20:48:36",1538106005000,"2018-09-27 20:40:05"
9991n,USER_IDLE,6,1538106904000USER_IDLE9991n,"2018-09-27 21:18:36",1538106904000,"2018-09-27 20:55:04"
9991n,USER_IDLE,8,1538107505000USER_IDLE9991n,"2018-09-27 21:18:36",1538107505000,"2018-09-27 21:05:05"
9991n,USER_IDLE,6,1538108405000USER_IDLE9991n,"2018-09-27 21:48:36",1538108405000,"2018-09-27 21:20:05"
9991n,USER_IDLE,8,1538109006000USER_IDLE9991n,"2018-09-27 21:48:36",1538109006000,"2018-09-27 21:30:06"
9991n,USER_IDLE,6,1538109905000USER_IDLE9991n,"2018-09-27 21:48:36",1538109905000,"2018-09-27 21:45:05"
9991n,USER_ACTIVE,7,1538110330000USER_ACTIVE9991n,"2018-09-27 22:18:36",1538110330000,"2018-09-27 21:52:10"
9991n,USER_IDLE,15,1538110486000USER_IDLE9991n,"2018-09-27 22:18:36",1538110486000,"2018-09-27 21:54:46"
9991n,USER_IDLE,8,1538111027000USER_IDLE9991n,"2018-09-27 22:18:36",1538111027000,"2018-09-27 22:03:47"
9991n,USER_IDLE,6,1538111926000USER_IDLE9991n,"2018-09-27 22:48:36",1538111926000,"2018-09-27 22:18:46"
9991n,USER_IDLE,8,1538112527000USER_IDLE9991n,"2018-09-27 22:48:36",1538112527000,"2018-09-27 22:28:47"
9991n,USER_ACTIVE,7,1538112899000USER_ACTIVE9991n,"2018-09-27 22:48:36",1538112899000,"2018-09-27 22:34:59"
9991n,USER_IDLE,15,1538112959000USER_IDLE9991n,"2018-09-27 22:48:36",1538112959000,"2018-09-27 22:35:59"
9991n,USER_IDLE,8,1538113500000USER_IDLE9991n,"2018-09-27 22:48:36",1538113500000,"2018-09-27 22:45:00"
9991n,USER_IDLE,6,1538114399000USER_IDLE9991n,"2018-09-27 23:18:36",1538114399000,"2018-09-27 22:59:59"
9991n,USER_IDLE,8,1538115000000USER_IDLE9991n,"2018-09-27 23:18:36",1538115000000,"2018-09-27 23:10:00"
9991n,USER_IDLE,6,1538115899000USER_IDLE9991n,"2018-09-27 23:48:36",1538115899000,"2018-09-27 23:24:59"
9991n,USER_IDLE,8,1538116501000USER_IDLE9991n,"2018-09-27 23:48:36",1538116501000,"2018-09-27 23:35:01"
9991n,USER_IDLE,6,1538117400000USER_IDLE9991n,"2018-09-28 00:18:36",1538117400000,"2018-09-27 23:50:00"
9991n,USER_IDLE,8,1538118001000USER_IDLE9991n,"2018-09-28 00:18:36",1538118001000,"2018-09-28 00:00:01"
9991n,USER_IDLE,6,1538118900000USER_IDLE9991n,"2018-09-28 00:18:36",1538118900000,"2018-09-28 00:15:00"
9991n,USER_IDLE,8,1538119502000USER_IDLE9991n,"2018-09-28 00:48:36",1538119502000,"2018-09-28 00:25:02"
9991n,USER_IDLE,6,1538120402000USER_IDLE9991n,"2018-09-28 00:48:36",1538120402000,"2018-09-28 00:40:02"
9991n,USER_IDLE,8,1538121003000USER_IDLE9991n,"2018-09-28 01:18:36",1538121003000,"2018-09-28 00:50:03"
9991n,USER_IDLE,6,1538121902000USER_IDLE9991n,"2018-09-28 01:18:36",1538121902000,"2018-09-28 01:05:02"
9991n,USER_IDLE,8,1538122503000USER_IDLE9991n,"2018-09-28 01:18:36",1538122503000,"2018-09-28 01:15:03"
9991n,USER_IDLE,6,1538123402000USER_IDLE9991n,"2018-09-28 01:48:36",1538123402000,"2018-09-28 01:30:02"
9991n,USER_IDLE,8,1538124004000USER_IDLE9991n,"2018-09-28 01:48:36",1538124004000,"2018-09-28 01:40:04"
9991n,USER_IDLE,6,1538124903000USER_IDLE9991n,"2018-09-28 02:18:38",1538124903000,"2018-09-28 01:55:03"
9991n,USER_IDLE,8,1538125504000USER_IDLE9991n,"2018-09-28 02:18:38",1538125504000,"2018-09-28 02:05:04"
9991n,USER_IDLE,6,1538126417000USER_IDLE9991n,"2018-09-28 02:48:38",1538126417000,"2018-09-28 02:20:17"
9991n,USER_IDLE,8,1538127019000USER_IDLE9991n,"2018-09-28 02:48:38",1538127019000,"2018-09-28 02:30:19"
9991n,USER_IDLE,6,1538127918000USER_IDLE9991n,"2018-09-28 02:48:38",1538127918000,"2018-09-28 02:45:18"
9991n,USER_IDLE,8,1538128519000USER_IDLE9991n,"2018-09-28 03:18:38",1538128519000,"2018-09-28 02:55:19"
9991n,USER_IDLE,6,1538129419000USER_IDLE9991n,"2018-09-28 03:18:38",1538129419000,"2018-09-28 03:10:19"
9991n,USER_IDLE,8,1538130020000USER_IDLE9991n,"2018-09-28 03:48:38",1538130020000,"2018-09-28 03:20:20"
9991n,USER_IDLE,6,1538130919000USER_IDLE9991n,"2018-09-28 03:48:38",1538130919000,"2018-09-28 03:35:19"
9991n,USER_IDLE,8,1538131521000USER_IDLE9991n,"2018-09-28 03:48:38",1538131521000,"2018-09-28 03:45:21"
9991n,USER_IDLE,6,1538132420000USER_IDLE9991n,"2018-09-28 04:18:38",1538132420000,"2018-09-28 04:00:20"
9991n,USER_IDLE,8,1538133022000USER_IDLE9991n,"2018-09-28 04:18:38",1538133022000,"2018-09-28 04:10:22"
9991n,USER_IDLE,6,1538133921000USER_IDLE9991n,"2018-09-28 04:48:38",1538133921000,"2018-09-28 04:25:21"
9991n,USER_IDLE,8,1538134522000USER_IDLE9991n,"2018-09-28 04:48:38",1538134522000,"2018-09-28 04:35:22"
9991n,USER_IDLE,6,1538135422000USER_IDLE9991n,"2018-09-28 05:18:38",1538135422000,"2018-09-28 04:50:22"
9991n,USER_IDLE,8,1538136023000USER_IDLE9991n,"2018-09-28 05:18:38",1538136023000,"2018-09-28 05:00:23"
9991n,USER_IDLE,6,1538136922000USER_IDLE9991n,"2018-09-28 05:18:38",1538136922000,"2018-09-28 05:15:22"
9991n,USER_IDLE,8,1538137524000USER_IDLE9991n,"2018-09-28 05:48:38",1538137524000,"2018-09-28 05:25:24"
9991n,USER_IDLE,6,1538138423000USER_IDLE9991n,"2018-09-28 05:48:38",1538138423000,"2018-09-28 05:40:23"
9991n,USER_IDLE,8,1538139024000USER_IDLE9991n,"2018-09-28 06:18:38",1538139024000,"2018-09-28 05:50:24"
9991n,USER_IDLE,6,1538139924000USER_IDLE9991n,"2018-09-28 06:18:38",1538139924000,"2018-09-28 06:05:24"
9991n,USER_IDLE,8,1538140525000USER_IDLE9991n,"2018-09-28 06:18:38",1538140525000,"2018-09-28 06:15:25"
9991n,USER_IDLE,6,1538141424000USER_IDLE9991n,"2018-09-28 06:48:38",1538141424000,"2018-09-28 06:30:24"
9991n,USER_IDLE,8,1538142025000USER_IDLE9991n,"2018-09-28 06:48:38",1538142025000,"2018-09-28 06:40:25"
9991n,USER_IDLE,6,1538142925000USER_IDLE9991n,"2018-09-28 07:18:38",1538142925000,"2018-09-28 06:55:25"
9991n,USER_IDLE,8,1538143526000USER_IDLE9991n,"2018-09-28 07:18:38",1538143526000,"2018-09-28 07:05:26"
9991n,USER_IDLE,6,1538144425000USER_IDLE9991n,"2018-09-28 07:48:38",1538144425000,"2018-09-28 07:20:25"
9991n,USER_IDLE,8,1538145026000USER_IDLE9991n,"2018-09-28 07:48:38",1538145026000,"2018-09-28 07:30:26"
9991n,USER_IDLE,6,1538145925000USER_IDLE9991n,"2018-09-28 07:48:38",1538145925000,"2018-09-28 07:45:25"
9991n,USER_IDLE,8,1538146527000USER_IDLE9991n,"2018-09-28 08:18:38",1538146527000,"2018-09-28 07:55:27"
9991n,USER_IDLE,6,1538147426000USER_IDLE9991n,"2018-09-28 08:18:38",1538147426000,"2018-09-28 08:10:26"
9991n,USER_IDLE,8,1538148027000USER_IDLE9991n,"2018-09-28 08:48:38",1538148027000,"2018-09-28 08:20:27"
9991n,USER_IDLE,6,1538148926000USER_IDLE9991n,"2018-09-28 08:48:38",1538148926000,"2018-09-28 08:35:26"
9991n,USER_IDLE,8,1538149528000USER_IDLE9991n,"2018-09-28 08:48:38",1538149528000,"2018-09-28 08:45:28"
9991n,USER_ACTIVE,7,1538149604000USER_ACTIVE9991n,"2018-09-28 08:48:38",1538149604000,"2018-09-28 08:46:44"
9991n,USER_IDLE,15,1538149692000USER_IDLE9991n,"2018-09-28 08:48:38",1538149692000,"2018-09-28 08:48:12"
9991n,USER_ACTIVE,7,1538150032000USER_ACTIVE9991n,"2018-09-28 09:18:38",1538150032000,"2018-09-28 08:53:52"
9991n,USER_IDLE,15,1538150103000USER_IDLE9991n,"2018-09-28 09:18:38",1538150103000,"2018-09-28 08:55:03"
9991n,USER_ACTIVE,7,1538150176000USER_ACTIVE9991n,"2018-09-28 09:18:38",1538150176000,"2018-09-28 08:56:16"
9991n,USER_IDLE,15,1538150239000USER_IDLE9991n,"2018-09-28 09:18:38",1538150239000,"2018-09-28 08:57:19"
9991n,USER_ACTIVE,7,1538150298000USER_ACTIVE9991n,"2018-09-28 09:18:38",1538150298000,"2018-09-28 08:58:18"
9991n,USER_IDLE,15,1538150416000USER_IDLE9991n,"2018-09-28 09:18:38",1538150416000,"2018-09-28 09:00:16"
9991n,USER_ACTIVE,7,1538150564000USER_ACTIVE9991n,"2018-09-28 09:18:38",1538150564000,"2018-09-28 09:02:44"
9991n,USER_IDLE,15,1538150643000USER_IDLE9991n,"2018-09-28 09:18:38",1538150643000,"2018-09-28 09:04:03"
9991n,USER_ACTIVE,7,1538150653000USER_ACTIVE9991n,"2018-09-28 09:18:38",1538150653000,"2018-09-28 09:04:13"
9991n,USER_IDLE,15,1538150816000USER_IDLE9991n,"2018-09-28 09:18:38",1538150816000,"2018-09-28 09:06:56"
9991n,USER_ACTIVE,7,1538150827000USER_ACTIVE9991n,"2018-09-28 09:18:38",1538150827000,"2018-09-28 09:07:07"
9991n,USER_IDLE,15,1538151024000USER_IDLE9991n,"2018-09-28 09:18:38",1538151024000,"2018-09-28 09:10:24"
9991n,USER_ACTIVE,7,1538151074000USER_ACTIVE9991n,"2018-09-28 09:18:38",1538151074000,"2018-09-28 09:11:14"
9991n,USER_IDLE,15,1538151222000USER_IDLE9991n,"2018-09-28 09:18:38",1538151222000,"2018-09-28 09:13:42"
9991n,USER_ACTIVE,7,1538151228000USER_ACTIVE9991n,"2018-09-28 09:18:38",1538151228000,"2018-09-28 09:13:48"
9991n,USER_IDLE,15,1538151316000USER_IDLE9991n,"2018-09-28 09:18:38",1538151316000,"2018-09-28 09:15:16"
9991n,USER_IDLE,6,1538152215000USER_IDLE9991n,"2018-09-28 09:48:38",1538152215000,"2018-09-28 09:30:15"
9991n,USER_ACTIVE,7,1538152273000USER_ACTIVE9991n,"2018-09-28 09:48:38",1538152273000,"2018-09-28 09:31:13"
9991n,USER_IDLE,15,1538152334000USER_IDLE9991n,"2018-09-28 09:48:38",1538152334000,"2018-09-28 09:32:14"
9991n,USER_ACTIVE,7,1538152733000USER_ACTIVE9991n,"2018-09-28 09:48:38",1538152733000,"2018-09-28 09:38:53"
9991n,USER_IDLE,15,1538152975000USER_IDLE9991n,"2018-09-28 09:48:38",1538152975000,"2018-09-28 09:42:55"
9991n,USER_IDLE,8,1538153515000USER_IDLE9991n,"2018-09-28 10:18:38",1538153515000,"2018-09-28 09:51:55"
9991n,USER_IDLE,6,1538154414000USER_IDLE9991n,"2018-09-28 10:18:38",1538154414000,"2018-09-28 10:06:54"
9991n,USER_ACTIVE,7,1538154419000USER_ACTIVE9991n,"2018-09-28 10:18:38",1538154419000,"2018-09-28 10:06:59"
9991n,USER_IDLE,15,1538154479000USER_IDLE9991n,"2018-09-28 10:18:38",1538154479000,"2018-09-28 10:07:59"
9991n,USER_IDLE,8,1538155019000USER_IDLE9991n,"2018-09-28 10:18:38",1538155019000,"2018-09-28 10:16:59"
9991n,USER_IDLE,6,1538155919000USER_IDLE9991n,"2018-09-28 10:48:38",1538155919000,"2018-09-28 10:31:59"
9991n,USER_IDLE,8,1538156520000USER_IDLE9991n,"2018-09-28 10:48:38",1538156520000,"2018-09-28 10:42:00"
9991n,USER_IDLE,6,1538157419000USER_IDLE9991n,"2018-09-28 11:18:38",1538157419000,"2018-09-28 10:56:59"
9991n,USER_IDLE,8,1538158020000USER_IDLE9991n,"2018-09-28 11:18:38",1538158020000,"2018-09-28 11:07:00"
9991n,USER_ACTIVE,7,1538158269000USER_ACTIVE9991n,"2018-09-28 11:18:38",1538158269000,"2018-09-28 11:11:09"
9991n,USER_IDLE,6,1538159169000USER_IDLE9991n,"2018-09-28 11:48:38",1538159169000,"2018-09-28 11:26:09"
9991n,USER_ACTIVE,7,1538159171000USER_ACTIVE9991n,"2018-09-28 11:48:38",1538159171000,"2018-09-28 11:26:11"
9991n,USER_IDLE,15,1538159729000USER_IDLE9991n,"2018-09-28 11:48:38",1538159729000,"2018-09-28 11:35:29"
9991n,USER_ACTIVE,7,1538159926000USER_ACTIVE9991n,"2018-09-28 11:48:38",1538159926000,"2018-09-28 11:38:46"
9991n,USER_IDLE,6,1538160825000USER_IDLE9991n,"2018-09-28 12:18:38",1538160825000,"2018-09-28 11:53:45"
9991n,USER_ACTIVE,7,1538160827000USER_ACTIVE9991n,"2018-09-28 12:18:38",1538160827000,"2018-09-28 11:53:47"
9991n,USER_IDLE,15,1538161406000USER_IDLE9991n,"2018-09-28 12:18:38",1538161406000,"2018-09-28 12:03:26"
9991n,USER_ACTIVE,7,1538161640000USER_ACTIVE9991n,"2018-09-28 12:18:38",1538161640000,"2018-09-28 12:07:20"
9991n,USER_IDLE,15,1538161700000USER_IDLE9991n,"2018-09-28 12:18:38",1538161700000,"2018-09-28 12:08:20"
9991n,USER_IDLE,8,1538162240000USER_IDLE9991n,"2018-09-28 12:18:38",1538162240000,"2018-09-28 12:17:20"
9991n,USER_IDLE,6,1538163139000USER_IDLE9991n,"2018-09-28 12:48:38",1538163139000,"2018-09-28 12:32:19"
9991n,USER_IDLE,8,1538163741000USER_IDLE9991n,"2018-09-28 12:48:38",1538163741000,"2018-09-28 12:42:21"
9991n,USER_IDLE,6,1538164640000USER_IDLE9991n,"2018-09-28 13:18:38",1538164640000,"2018-09-28 12:57:20"
9991n,USER_IDLE,8,1538165241000USER_IDLE9991n,"2018-09-28 13:18:38",1538165241000,"2018-09-28 13:07:21"
9991n,USER_IDLE,6,1538166140000USER_IDLE9991n,"2018-09-28 13:48:38",1538166140000,"2018-09-28 13:22:20"
9991n,USER_IDLE,8,1538166742000USER_IDLE9991n,"2018-09-28 13:48:38",1538166742000,"2018-09-28 13:32:22"
9991n,USER_IDLE,6,1538167641000USER_IDLE9991n,"2018-09-28 13:48:38",1538167641000,"2018-09-28 13:47:21"
9991n,USER_IDLE,8,1538168242000USER_IDLE9991n,"2018-09-28 14:18:38",1538168242000,"2018-09-28 13:57:22"
9991n,USER_IDLE,6,1538169141000USER_IDLE9991n,"2018-09-28 14:18:38",1538169141000,"2018-09-28 14:12:21"
9991n,USER_ACTIVE,7,1538169364000USER_ACTIVE9991n,"2018-09-28 14:18:38",1538169364000,"2018-09-28 14:16:04"
9991n,USER_IDLE,6,1538170263000USER_IDLE9991n,"2018-09-28 14:48:38",1538170263000,"2018-09-28 14:31:03"
9991n,USER_ACTIVE,7,1538170265000USER_ACTIVE9991n,"2018-09-28 14:48:38",1538170265000,"2018-09-28 14:31:05"
9991n,USER_IDLE,15,1538170402000USER_IDLE9991n,"2018-09-28 14:48:38",1538170402000,"2018-09-28 14:33:22"
9991n,USER_IDLE,8,1538170942000USER_IDLE9991n,"2018-09-28 14:48:38",1538170942000,"2018-09-28 14:42:22"
9991n,USER_ACTIVE,7,1538171250000USER_ACTIVE9991n,"2018-09-28 14:48:38",1538171250000,"2018-09-28 14:47:30"
9991n,USER_IDLE,15,1538171310000USER_IDLE9991n,"2018-09-28 14:48:38",1538171310000,"2018-09-28 14:48:30"
9991n,USER_IDLE,8,1538171851000USER_IDLE9991n,"2018-09-28 15:18:38",1538171851000,"2018-09-28 14:57:31"
9991n,USER_ACTIVE,7,1538172103000USER_ACTIVE9991n,"2018-09-28 15:18:38",1538172103000,"2018-09-28 15:01:43"
9991n,USER_IDLE,6,1538173002000USER_IDLE9991n,"2018-09-28 15:18:38",1538173002000,"2018-09-28 15:16:42"
9991n,USER_ACTIVE,7,1538173005000USER_ACTIVE9991n,"2018-09-28 15:18:38",1538173005000,"2018-09-28 15:16:45"
9991n,USER_IDLE,15,1538173066000USER_IDLE9991n,"2018-09-28 15:18:38",1538173066000,"2018-09-28 15:17:46"
9991n,USER_ACTIVE,7,1538173119000USER_ACTIVE9991n,"2018-09-28 15:48:38",1538173119000,"2018-09-28 15:18:39"
9991n,USER_IDLE,15,1538173713000USER_IDLE9991n,"2018-09-28 15:48:38",1538173713000,"2018-09-28 15:28:33"
9991n,USER_ACTIVE,7,1538174095000USER_ACTIVE9991n,"2018-09-28 15:48:38",1538174095000,"2018-09-28 15:34:55"
9991n,USER_IDLE,15,1538174155000USER_IDLE9991n,"2018-09-28 15:48:38",1538174155000,"2018-09-28 15:35:55"
9991n,USER_ACTIVE,7,1538174610000USER_ACTIVE9991n,"2018-09-28 15:48:38",1538174610000,"2018-09-28 15:43:30"
9991n,USER_IDLE,6,1538175509000USER_IDLE9991n,"2018-09-28 16:18:38",1538175509000,"2018-09-28 15:58:29"
9991n,USER_ACTIVE,7,1538175511000USER_ACTIVE9991n,"2018-09-28 16:18:38",1538175511000,"2018-09-28 15:58:31"
9991n,USER_IDLE,15,1538176390000USER_IDLE9991n,"2018-09-28 16:18:38",1538176390000,"2018-09-28 16:13:10"
9991n,USER_ACTIVE,7,1538176568000USER_ACTIVE9991n,"2018-09-28 16:18:38",1538176568000,"2018-09-28 16:16:08"
9991n,USER_IDLE,6,1538177467000USER_IDLE9991n,"2018-09-28 16:48:38",1538177467000,"2018-09-28 16:31:07"
9991n,USER_ACTIVE,7,1538177469000USER_ACTIVE9991n,"2018-09-28 16:48:38",1538177469000,"2018-09-28 16:31:09"
9991n,USER_IDLE,6,1538178369000USER_IDLE9991n,"2018-09-28 16:48:38",1538178369000,"2018-09-28 16:46:09"
9991n,USER_ACTIVE,7,1538178379000USER_ACTIVE9991n,"2018-09-28 16:48:38",1538178379000,"2018-09-28 16:46:19"
9991n,USER_IDLE,15,1538178455000USER_IDLE9991n,"2018-09-28 16:48:38",1538178455000,"2018-09-28 16:47:35"
9991n,USER_ACTIVE,7,1538178501000USER_ACTIVE9991n,"2018-09-28 16:48:38",1538178501000,"2018-09-28 16:48:21"
9991n,USER_IDLE,15,1538179051000USER_IDLE9991n,"2018-09-28 17:18:38",1538179051000,"2018-09-28 16:57:31"
9991n,USER_ACTIVE,7,1538179177000USER_ACTIVE9991n,"2018-09-28 17:18:38",1538179177000,"2018-09-28 16:59:37"
9991n,USER_IDLE,6,1538180076000USER_IDLE9991n,"2018-09-28 17:18:38",1538180076000,"2018-09-28 17:14:36"
9991n,USER_ACTIVE,7,1538180078000USER_ACTIVE9991n,"2018-09-28 17:18:38",1538180078000,"2018-09-28 17:14:38"
9991n,USER_IDLE,6,1538180978000USER_IDLE9991n,"2018-09-28 17:48:38",1538180978000,"2018-09-28 17:29:38"
9991n,USER_ACTIVE,7,1538180980000USER_ACTIVE9991n,"2018-09-28 17:48:38",1538180980000,"2018-09-28 17:29:40"
9991n,USER_IDLE,15,1538181769000USER_IDLE9991n,"2018-09-28 17:48:38",1538181769000,"2018-09-28 17:42:49"
9991n,USER_IDLE,8,1538182310000USER_IDLE9991n,"2018-09-28 18:18:38",1538182310000,"2018-09-28 17:51:50"
9991n,USER_ACTIVE,7,1538182617000USER_ACTIVE9991n,"2018-09-28 18:18:38",1538182617000,"2018-09-28 17:56:57"
9991n,USER_IDLE,6,1538183516000USER_IDLE9991n,"2018-09-28 18:18:38",1538183516000,"2018-09-28 18:11:56"
9991n,USER_ACTIVE,7,1538183518000USER_ACTIVE9991n,"2018-09-28 18:18:38",1538183518000,"2018-09-28 18:11:58"
9991n,USER_IDLE,15,1538184175000USER_IDLE9991n,"2018-09-28 18:48:38",1538184175000,"2018-09-28 18:22:55"
9991n,USER_IDLE,8,1538184715000USER_IDLE9991n,"2018-09-28 18:48:38",1538184715000,"2018-09-28 18:31:55"
9991n,USER_ACTIVE,7,1538185032000USER_ACTIVE9991n,"2018-09-28 18:48:38",1538185032000,"2018-09-28 18:37:12"
9991n,USER_IDLE,15,1538185092000USER_IDLE9991n,"2018-09-28 18:48:38",1538185092000,"2018-09-28 18:38:12"
9991n,USER_IDLE,8,1538185633000USER_IDLE9991n,"2018-09-28 18:48:38",1538185633000,"2018-09-28 18:47:13"
9991n,USER_IDLE,6,1538186532000USER_IDLE9991n,"2018-09-28 19:18:38",1538186532000,"2018-09-28 19:02:12"
9991n,USER_IDLE,8,1538187134000USER_IDLE9991n,"2018-09-28 19:18:38",1538187134000,"2018-09-28 19:12:14"
9991n,USER_IDLE,6,1538188033000USER_IDLE9991n,"2018-09-28 19:48:38",1538188033000,"2018-09-28 19:27:13"
9991n,USER_IDLE,8,1538188634000USER_IDLE9991n,"2018-09-28 19:48:38",1538188634000,"2018-09-28 19:37:14"
9991n,USER_IDLE,6,1538189534000USER_IDLE9991n,"2018-09-28 20:18:38",1538189534000,"2018-09-28 19:52:14"
9991n,USER_IDLE,8,1538190135000USER_IDLE9991n,"2018-09-28 20:18:38",1538190135000,"2018-09-28 20:02:15"
9991n,USER_IDLE,6,1538191034000USER_IDLE9991n,"2018-09-28 20:18:38",1538191034000,"2018-09-28 20:17:14"
9991n,USER_IDLE,8,1538191635000USER_IDLE9991n,"2018-09-28 20:48:38",1538191635000,"2018-09-28 20:27:15"
9991n,USER_IDLE,6,1538192534000USER_IDLE9991n,"2018-09-28 20:48:38",1538192534000,"2018-09-28 20:42:14"
9991n,USER_IDLE,8,1538193135000USER_IDLE9991n,"2018-09-28 21:18:38",1538193135000,"2018-09-28 20:52:15"
9991n,USER_IDLE,6,1538194035000USER_IDLE9991n,"2018-09-28 21:18:38",1538194035000,"2018-09-28 21:07:15"
9991n,USER_IDLE,8,1538194636000USER_IDLE9991n,"2018-09-28 21:18:38",1538194636000,"2018-09-28 21:17:16"
9991n,USER_ACTIVE,7,1538194686000USER_ACTIVE9991n,"2018-09-28 21:18:38",1538194686000,"2018-09-28 21:18:06"
9991n,USER_IDLE,15,1538194866000USER_IDLE9991n,"2018-09-28 21:48:38",1538194866000,"2018-09-28 21:21:06"
9991n,USER_ACTIVE,7,1538195191000USER_ACTIVE9991n,"2018-09-28 21:48:38",1538195191000,"2018-09-28 21:26:31"
9991n,USER_IDLE,15,1538195378000USER_IDLE9991n,"2018-09-28 21:48:38",1538195378000,"2018-09-28 21:29:38"
9991n,USER_ACTIVE,7,1538195427000USER_ACTIVE9991n,"2018-09-28 21:48:38",1538195427000,"2018-09-28 21:30:27"
9991n,USER_IDLE,15,1538195487000USER_IDLE9991n,"2018-09-28 21:48:38",1538195487000,"2018-09-28 21:31:27"
9991n,USER_ACTIVE,7,1538195585000USER_ACTIVE9991n,"2018-09-28 21:48:38",1538195585000,"2018-09-28 21:33:05"
9991n,USER_IDLE,15,1538195715000USER_IDLE9991n,"2018-09-28 21:48:38",1538195715000,"2018-09-28 21:35:15"
9991n,USER_ACTIVE,7,1538195771000USER_ACTIVE9991n,"2018-09-28 21:48:38",1538195771000,"2018-09-28 21:36:11"
9991n,USER_IDLE,15,1538195966000USER_IDLE9991n,"2018-09-28 21:48:38",1538195966000,"2018-09-28 21:39:26"
9991n,USER_ACTIVE,7,1538195971000USER_ACTIVE9991n,"2018-09-28 21:48:38",1538195971000,"2018-09-28 21:39:31"
9991n,USER_IDLE,15,1538196152000USER_IDLE9991n,"2018-09-28 21:48:38",1538196152000,"2018-09-28 21:42:32"
9991n,USER_ACTIVE,7,1538196302000USER_ACTIVE9991n,"2018-09-28 21:48:38",1538196302000,"2018-09-28 21:45:02"
9991n,USER_IDLE,15,1538196375000USER_IDLE9991n,"2018-09-28 21:48:38",1538196375000,"2018-09-28 21:46:15"
9991n,USER_IDLE,6,1538197274000USER_IDLE9991n,"2018-09-28 22:18:38",1538197274000,"2018-09-28 22:01:14"
9991n,USER_IDLE,8,1538197876000USER_IDLE9991n,"2018-09-28 22:18:38",1538197876000,"2018-09-28 22:11:16"
9991n,USER_IDLE,6,1538198775000USER_IDLE9991n,"2018-09-28 22:48:38",1538198775000,"2018-09-28 22:26:15"
9991n,USER_IDLE,8,1538199376000USER_IDLE9991n,"2018-09-28 22:48:38",1538199376000,"2018-09-28 22:36:16"
9991n,USER_IDLE,6,1538200275000USER_IDLE9991n,"2018-09-28 23:18:38",1538200275000,"2018-09-28 22:51:15"
9991n,USER_IDLE,8,1538200877000USER_IDLE9991n,"2018-09-28 23:18:38",1538200877000,"2018-09-28 23:01:17"
9991n,USER_IDLE,6,1538201776000USER_IDLE9991n,"2018-09-28 23:18:38",1538201776000,"2018-09-28 23:16:16"
9991n,USER_IDLE,8,1538202377000USER_IDLE9991n,"2018-09-28 23:48:38",1538202377000,"2018-09-28 23:26:17"
9991n,USER_ACTIVE,7,1538202442000USER_ACTIVE9991n,"2018-09-28 23:48:38",1538202442000,"2018-09-28 23:27:22"
9991n,USER_IDLE,15,1538202502000USER_IDLE9991n,"2018-09-28 23:48:38",1538202502000,"2018-09-28 23:28:22"
9991n,USER_IDLE,8,1538203042000USER_IDLE9991n,"2018-09-28 23:48:38",1538203042000,"2018-09-28 23:37:22"
9991n,USER_IDLE,6,1538203942000USER_IDLE9991n,"2018-09-29 00:18:38",1538203942000,"2018-09-28 23:52:22"
9991n,USER_IDLE,8,1538204543000USER_IDLE9991n,"2018-09-29 00:18:38",1538204543000,"2018-09-29 00:02:23"
9991n,USER_IDLE,6,1538205442000USER_IDLE9991n,"2018-09-29 00:18:38",1538205442000,"2018-09-29 00:17:22"
9991n,USER_IDLE,8,1538206043000USER_IDLE9991n,"2018-09-29 00:48:38",1538206043000,"2018-09-29 00:27:23"
9991n,USER_IDLE,6,1538206943000USER_IDLE9991n,"2018-09-29 00:48:38",1538206943000,"2018-09-29 00:42:23"
9991n,USER_IDLE,8,1538207544000USER_IDLE9991n,"2018-09-29 01:18:38",1538207544000,"2018-09-29 00:52:24"
9991n,USER_IDLE,6,1538208443000USER_IDLE9991n,"2018-09-29 01:18:38",1538208443000,"2018-09-29 01:07:23"
9991n,USER_IDLE,8,1538209045000USER_IDLE9991n,"2018-09-29 01:18:38",1538209045000,"2018-09-29 01:17:25"
9991n,USER_IDLE,6,1538209944000USER_IDLE9991n,"2018-09-29 01:48:38",1538209944000,"2018-09-29 01:32:24"
9991n,USER_IDLE,8,1538210545000USER_IDLE9991n,"2018-09-29 01:48:38",1538210545000,"2018-09-29 01:42:25"
9991n,USER_IDLE,6,1538211444000USER_IDLE9991n,"2018-09-29 02:18:38",1538211444000,"2018-09-29 01:57:24"
9991n,USER_IDLE,8,1538212045000USER_IDLE9991n,"2018-09-29 02:18:38",1538212045000,"2018-09-29 02:07:25"
9991n,USER_ACTIVE,7,1538212232000USER_ACTIVE9991n,"2018-09-29 02:18:38",1538212232000,"2018-09-29 02:10:32"
9991n,USER_IDLE,15,1538212292000USER_IDLE9991n,"2018-09-29 02:18:38",1538212292000,"2018-09-29 02:11:32"
9991n,USER_IDLE,8,1538212832000USER_IDLE9991n,"2018-09-29 02:48:38",1538212832000,"2018-09-29 02:20:32"
9991n,USER_IDLE,6,1538213731000USER_IDLE9991n,"2018-09-29 02:48:38",1538213731000,"2018-09-29 02:35:31"
9991n,USER_IDLE,8,1538214333000USER_IDLE9991n,"2018-09-29 02:48:38",1538214333000,"2018-09-29 02:45:33"
9991n,USER_IDLE,6,1538215232000USER_IDLE9991n,"2018-09-29 03:18:39",1538215232000,"2018-09-29 03:00:32"
9991n,USER_IDLE,8,1538215833000USER_IDLE9991n,"2018-09-29 03:18:39",1538215833000,"2018-09-29 03:10:33"
9991n,USER_IDLE,6,1538216733000USER_IDLE9991n,"2018-09-29 03:48:39",1538216733000,"2018-09-29 03:25:33"
9991n,USER_IDLE,8,1538217334000USER_IDLE9991n,"2018-09-29 03:48:39",1538217334000,"2018-09-29 03:35:34"
9991n,USER_IDLE,6,1538218233000USER_IDLE9991n,"2018-09-29 04:18:39",1538218233000,"2018-09-29 03:50:33"
9991n,USER_IDLE,8,1538218834000USER_IDLE9991n,"2018-09-29 04:18:39",1538218834000,"2018-09-29 04:00:34"
9991n,USER_IDLE,6,1538219733000USER_IDLE9991n,"2018-09-29 04:18:39",1538219733000,"2018-09-29 04:15:33"
9991n,USER_IDLE,8,1538220334000USER_IDLE9991n,"2018-09-29 04:48:39",1538220334000,"2018-09-29 04:25:34"
9991n,USER_IDLE,6,1538221234000USER_IDLE9991n,"2018-09-29 04:48:39",1538221234000,"2018-09-29 04:40:34"
9991n,USER_IDLE,8,1538221835000USER_IDLE9991n,"2018-09-29 05:18:39",1538221835000,"2018-09-29 04:50:35"
9991n,USER_IDLE,6,1538222734000USER_IDLE9991n,"2018-09-29 05:18:39",1538222734000,"2018-09-29 05:05:34"
9991n,USER_IDLE,8,1538223336000USER_IDLE9991n,"2018-09-29 05:18:39",1538223336000,"2018-09-29 05:15:36"
9991n,USER_IDLE,6,1538224235000USER_IDLE9991n,"2018-09-29 05:48:39",1538224235000,"2018-09-29 05:30:35"
9991n,USER_IDLE,8,1538224837000USER_IDLE9991n,"2018-09-29 05:48:39",1538224837000,"2018-09-29 05:40:37"
9991n,USER_IDLE,6,1538225736000USER_IDLE9991n,"2018-09-29 06:18:39",1538225736000,"2018-09-29 05:55:36"
9991n,USER_IDLE,8,1538226338000USER_IDLE9991n,"2018-09-29 06:18:39",1538226338000,"2018-09-29 06:05:38"
9991n,USER_IDLE,6,1538227238000USER_IDLE9991n,"2018-09-29 06:48:39",1538227238000,"2018-09-29 06:20:38"
9991n,USER_IDLE,8,1538227840000USER_IDLE9991n,"2018-09-29 06:48:39",1538227840000,"2018-09-29 06:30:40"
9991n,USER_IDLE,6,1538228739000USER_IDLE9991n,"2018-09-29 06:48:39",1538228739000,"2018-09-29 06:45:39"
9991n,USER_IDLE,8,1538229340000USER_IDLE9991n,"2018-09-29 07:18:39",1538229340000,"2018-09-29 06:55:40"
9991n,USER_IDLE,6,1538230239000USER_IDLE9991n,"2018-09-29 07:18:39",1538230239000,"2018-09-29 07:10:39"
9991n,USER_IDLE,8,1538230840000USER_IDLE9991n,"2018-09-29 07:48:39",1538230840000,"2018-09-29 07:20:40"
9991n,USER_IDLE,6,1538231740000USER_IDLE9991n,"2018-09-29 07:48:39",1538231740000,"2018-09-29 07:35:40"
9991n,USER_IDLE,8,1538232341000USER_IDLE9991n,"2018-09-29 07:48:39",1538232341000,"2018-09-29 07:45:41"
9991n,USER_IDLE,6,1538233240000USER_IDLE9991n,"2018-09-29 08:18:39",1538233240000,"2018-09-29 08:00:40"
9991n,USER_IDLE,8,1538233841000USER_IDLE9991n,"2018-09-29 08:18:39",1538233841000,"2018-09-29 08:10:41"
9991n,USER_IDLE,6,1538234741000USER_IDLE9991n,"2018-09-29 08:48:39",1538234741000,"2018-09-29 08:25:41"
9991n,USER_IDLE,8,1538235342000USER_IDLE9991n,"2018-09-29 08:48:39",1538235342000,"2018-09-29 08:35:42"
9991n,USER_IDLE,6,1538236241000USER_IDLE9991n,"2018-09-29 09:18:39",1538236241000,"2018-09-29 08:50:41"
9991n,USER_IDLE,8,1538236842000USER_IDLE9991n,"2018-09-29 09:18:39",1538236842000,"2018-09-29 09:00:42"
9991n,USER_IDLE,6,1538237741000USER_IDLE9991n,"2018-09-29 09:18:39",1538237741000,"2018-09-29 09:15:41"
9991n,USER_IDLE,8,1538238342000USER_IDLE9991n,"2018-09-29 09:48:39",1538238342000,"2018-09-29 09:25:42"
9991n,USER_IDLE,6,1538239242000USER_IDLE9991n,"2018-09-29 09:48:39",1538239242000,"2018-09-29 09:40:42"
9991n,USER_IDLE,8,1538239843000USER_IDLE9991n,"2018-09-29 10:18:39",1538239843000,"2018-09-29 09:50:43"
9991n,USER_IDLE,6,1538240742000USER_IDLE9991n,"2018-09-29 10:18:39",1538240742000,"2018-09-29 10:05:42"
9991n,USER_IDLE,8,1538241343000USER_IDLE9991n,"2018-09-29 10:18:39",1538241343000,"2018-09-29 10:15:43"
9991n,USER_IDLE,6,1538242242000USER_IDLE9991n,"2018-09-29 10:48:39",1538242242000,"2018-09-29 10:30:42"
9991n,USER_IDLE,8,1538242844000USER_IDLE9991n,"2018-09-29 10:48:39",1538242844000,"2018-09-29 10:40:44"
9991n,USER_IDLE,6,1538243744000USER_IDLE9991n,"2018-09-29 11:18:39",1538243744000,"2018-09-29 10:55:44"
9991n,USER_IDLE,8,1538244345000USER_IDLE9991n,"2018-09-29 11:18:39",1538244345000,"2018-09-29 11:05:45"
9991n,USER_IDLE,6,1538245244000USER_IDLE9991n,"2018-09-29 11:48:39",1538245244000,"2018-09-29 11:20:44"
9991n,USER_IDLE,8,1538245845000USER_IDLE9991n,"2018-09-29 11:48:39",1538245845000,"2018-09-29 11:30:45"
9991n,USER_IDLE,6,1538246745000USER_IDLE9991n,"2018-09-29 11:48:39",1538246745000,"2018-09-29 11:45:45"
9991n,USER_IDLE,8,1538247347000USER_IDLE9991n,"2018-09-29 12:18:39",1538247347000,"2018-09-29 11:55:47"
9991n,USER_IDLE,6,1538248246000USER_IDLE9991n,"2018-09-29 12:18:39",1538248246000,"2018-09-29 12:10:46"
9991n,USER_IDLE,8,1538248848000USER_IDLE9991n,"2018-09-29 12:48:39",1538248848000,"2018-09-29 12:20:48"
9991n,USER_IDLE,6,1538249747000USER_IDLE9991n,"2018-09-29 12:48:39",1538249747000,"2018-09-29 12:35:47"
9991n,USER_IDLE,8,1538250348000USER_IDLE9991n,"2018-09-29 12:48:39",1538250348000,"2018-09-29 12:45:48"
9991n,USER_IDLE,6,1538251247000USER_IDLE9991n,"2018-09-29 13:18:39",1538251247000,"2018-09-29 13:00:47"
9991n,USER_IDLE,8,1538251849000USER_IDLE9991n,"2018-09-29 13:18:39",1538251849000,"2018-09-29 13:10:49"
9991n,USER_IDLE,6,1538252748000USER_IDLE9991n,"2018-09-29 13:48:39",1538252748000,"2018-09-29 13:25:48"
9991n,USER_IDLE,8,1538253349000USER_IDLE9991n,"2018-09-29 13:48:39",1538253349000,"2018-09-29 13:35:49"
9991n,USER_IDLE,6,1538254248000USER_IDLE9991n,"2018-09-29 14:18:39",1538254248000,"2018-09-29 13:50:48"
9991n,USER_IDLE,8,1538254849000USER_IDLE9991n,"2018-09-29 14:18:39",1538254849000,"2018-09-29 14:00:49"
9991n,USER_IDLE,6,1538255750000USER_IDLE9991n,"2018-09-29 14:18:39",1538255750000,"2018-09-29 14:15:50"
9991n,USER_IDLE,8,1538256351000USER_IDLE9991n,"2018-09-29 14:48:39",1538256351000,"2018-09-29 14:25:51"
9991n,USER_IDLE,6,1538257251000USER_IDLE9991n,"2018-09-29 14:48:39",1538257251000,"2018-09-29 14:40:51"
9991n,USER_IDLE,8,1538257852000USER_IDLE9991n,"2018-09-29 15:18:39",1538257852000,"2018-09-29 14:50:52"
9991n,USER_IDLE,6,1538258751000USER_IDLE9991n,"2018-09-29 15:18:39",1538258751000,"2018-09-29 15:05:51"
9991n,USER_IDLE,8,1538259353000USER_IDLE9991n,"2018-09-29 15:18:39",1538259353000,"2018-09-29 15:15:53"
9991n,USER_IDLE,6,1538260252000USER_IDLE9991n,"2018-09-29 15:48:39",1538260252000,"2018-09-29 15:30:52"
9991n,USER_IDLE,8,1538260853000USER_IDLE9991n,"2018-09-29 15:48:39",1538260853000,"2018-09-29 15:40:53"
9991n,USER_IDLE,6,1538261752000USER_IDLE9991n,"2018-09-29 16:18:39",1538261752000,"2018-09-29 15:55:52"
9991n,USER_IDLE,8,1538262354000USER_IDLE9991n,"2018-09-29 16:18:39",1538262354000,"2018-09-29 16:05:54"
9991n,USER_IDLE,6,1538263253000USER_IDLE9991n,"2018-09-29 16:48:39",1538263253000,"2018-09-29 16:20:53"
9991n,USER_IDLE,8,1538263854000USER_IDLE9991n,"2018-09-29 16:48:39",1538263854000,"2018-09-29 16:30:54"
9991n,USER_IDLE,6,1538264753000USER_IDLE9991n,"2018-09-29 16:48:39",1538264753000,"2018-09-29 16:45:53"
9991n,USER_IDLE,8,1538265355000USER_IDLE9991n,"2018-09-29 17:18:39",1538265355000,"2018-09-29 16:55:55"
9991n,USER_IDLE,6,1538266254000USER_IDLE9991n,"2018-09-29 17:18:39",1538266254000,"2018-09-29 17:10:54"
9991n,USER_IDLE,8,1538266855000USER_IDLE9991n,"2018-09-29 17:48:39",1538266855000,"2018-09-29 17:20:55"
9991n,USER_IDLE,6,1538267754000USER_IDLE9991n,"2018-09-29 17:48:39",1538267754000,"2018-09-29 17:35:54"
9991n,USER_IDLE,8,1538268356000USER_IDLE9991n,"2018-09-29 17:48:39",1538268356000,"2018-09-29 17:45:56"
9991n,USER_IDLE,6,1538269255000USER_IDLE9991n,"2018-09-29 18:18:39",1538269255000,"2018-09-29 18:00:55"
9991n,USER_IDLE,8,1538269856000USER_IDLE9991n,"2018-09-29 18:18:39",1538269856000,"2018-09-29 18:10:56"
9991n,USER_IDLE,6,1538270756000USER_IDLE9991n,"2018-09-29 18:48:39",1538270756000,"2018-09-29 18:25:56"
9991n,USER_IDLE,8,1538271357000USER_IDLE9991n,"2018-09-29 18:48:39",1538271357000,"2018-09-29 18:35:57"
9991n,USER_IDLE,6,1538272256000USER_IDLE9991n,"2018-09-29 19:18:39",1538272256000,"2018-09-29 18:50:56"
9991n,USER_IDLE,8,1538272857000USER_IDLE9991n,"2018-09-29 19:18:39",1538272857000,"2018-09-29 19:00:57"
9991n,USER_IDLE,6,1538273757000USER_IDLE9991n,"2018-09-29 19:18:39",1538273757000,"2018-09-29 19:15:57"
9991n,USER_IDLE,8,1538274358000USER_IDLE9991n,"2018-09-29 19:48:39",1538274358000,"2018-09-29 19:25:58"
9991n,USER_IDLE,6,1538275257000USER_IDLE9991n,"2018-09-29 19:48:39",1538275257000,"2018-09-29 19:40:57"
9991n,USER_IDLE,8,1538275859000USER_IDLE9991n,"2018-09-29 20:18:39",1538275859000,"2018-09-29 19:50:59"
9991n,USER_IDLE,6,1538276758000USER_IDLE9991n,"2018-09-29 20:18:39",1538276758000,"2018-09-29 20:05:58"
9991n,USER_IDLE,8,1538277359000USER_IDLE9991n,"2018-09-29 20:18:39",1538277359000,"2018-09-29 20:15:59"
9991n,USER_IDLE,6,1538278258000USER_IDLE9991n,"2018-09-29 20:48:39",1538278258000,"2018-09-29 20:30:58"
9991n,USER_IDLE,8,1538278860000USER_IDLE9991n,"2018-09-29 20:48:39",1538278860000,"2018-09-29 20:41:00"
9991n,USER_IDLE,6,1538279759000USER_IDLE9991n,"2018-09-29 21:18:39",1538279759000,"2018-09-29 20:55:59"
9991n,USER_IDLE,8,1538280360000USER_IDLE9991n,"2018-09-29 21:18:39",1538280360000,"2018-09-29 21:06:00"
9991n,USER_IDLE,6,1538281259000USER_IDLE9991n,"2018-09-29 21:48:39",1538281259000,"2018-09-29 21:20:59"
9991n,USER_IDLE,8,1538281860000USER_IDLE9991n,"2018-09-29 21:48:39",1538281860000,"2018-09-29 21:31:00"
9991n,USER_IDLE,6,1538282760000USER_IDLE9991n,"2018-09-29 21:48:39",1538282760000,"2018-09-29 21:46:00"
9991n,USER_IDLE,8,1538283361000USER_IDLE9991n,"2018-09-29 22:18:39",1538283361000,"2018-09-29 21:56:01"
9991n,USER_IDLE,6,1538284261000USER_IDLE9991n,"2018-09-29 22:18:39",1538284261000,"2018-09-29 22:11:01"
9991n,USER_IDLE,8,1538284862000USER_IDLE9991n,"2018-09-29 22:48:39",1538284862000,"2018-09-29 22:21:02"
9991n,USER_IDLE,6,1538285762000USER_IDLE9991n,"2018-09-29 22:48:39",1538285762000,"2018-09-29 22:36:02"
9991n,USER_IDLE,8,1538286363000USER_IDLE9991n,"2018-09-29 22:48:39",1538286363000,"2018-09-29 22:46:03"
9991n,USER_IDLE,6,1538287262000USER_IDLE9991n,"2018-09-29 23:18:39",1538287262000,"2018-09-29 23:01:02"
9991n,USER_IDLE,8,1538287863000USER_IDLE9991n,"2018-09-29 23:18:39",1538287863000,"2018-09-29 23:11:03"
9991n,USER_IDLE,6,1538288763000USER_IDLE9991n,"2018-09-29 23:48:39",1538288763000,"2018-09-29 23:26:03"
9991n,USER_IDLE,8,1538289364000USER_IDLE9991n,"2018-09-29 23:48:39",1538289364000,"2018-09-29 23:36:04"
9991n,USER_IDLE,6,1538290263000USER_IDLE9991n,"2018-09-30 00:18:39",1538290263000,"2018-09-29 23:51:03"
9991n,USER_IDLE,8,1538290864000USER_IDLE9991n,"2018-09-30 00:18:39",1538290864000,"2018-09-30 00:01:04"
9991n,USER_IDLE,6,1538291763000USER_IDLE9991n,"2018-09-30 00:18:39",1538291763000,"2018-09-30 00:16:03"
9991n,USER_IDLE,8,1538292365000USER_IDLE9991n,"2018-09-30 00:48:39",1538292365000,"2018-09-30 00:26:05"
9991n,USER_IDLE,6,1538293264000USER_IDLE9991n,"2018-09-30 00:48:39",1538293264000,"2018-09-30 00:41:04"
9991n,USER_IDLE,8,1538293865000USER_IDLE9991n,"2018-09-30 01:18:39",1538293865000,"2018-09-30 00:51:05"
9991n,USER_IDLE,6,1538294764000USER_IDLE9991n,"2018-09-30 01:18:39",1538294764000,"2018-09-30 01:06:04"
9991n,USER_IDLE,8,1538295366000USER_IDLE9991n,"2018-09-30 01:18:39",1538295366000,"2018-09-30 01:16:06"
9991n,USER_IDLE,6,1538296265000USER_IDLE9991n,"2018-09-30 01:48:39",1538296265000,"2018-09-30 01:31:05"
9991n,USER_IDLE,8,1538296866000USER_IDLE9991n,"2018-09-30 01:48:39",1538296866000,"2018-09-30 01:41:06"
9991n,USER_IDLE,6,1538297765000USER_IDLE9991n,"2018-09-30 02:18:39",1538297765000,"2018-09-30 01:56:05"
9991n,USER_IDLE,8,1538298367000USER_IDLE9991n,"2018-09-30 02:18:39",1538298367000,"2018-09-30 02:06:07"
9991n,USER_IDLE,6,1538299266000USER_IDLE9991n,"2018-09-30 02:48:39",1538299266000,"2018-09-30 02:21:06"
9991n,USER_IDLE,8,1538299867000USER_IDLE9991n,"2018-09-30 02:48:39",1538299867000,"2018-09-30 02:31:07"
9991n,USER_IDLE,6,1538300767000USER_IDLE9991n,"2018-09-30 02:48:39",1538300767000,"2018-09-30 02:46:07"
9991n,USER_IDLE,8,1538301368000USER_IDLE9991n,"2018-09-30 03:18:39",1538301368000,"2018-09-30 02:56:08"
9991n,USER_IDLE,6,1538302267000USER_IDLE9991n,"2018-09-30 03:18:39",1538302267000,"2018-09-30 03:11:07"
9991n,USER_IDLE,8,1538302868000USER_IDLE9991n,"2018-09-30 03:48:39",1538302868000,"2018-09-30 03:21:08"
9991n,USER_IDLE,6,1538303768000USER_IDLE9991n,"2018-09-30 03:48:39",1538303768000,"2018-09-30 03:36:08"
9991n,USER_IDLE,8,1538304369000USER_IDLE9991n,"2018-09-30 03:48:39",1538304369000,"2018-09-30 03:46:09"
9991n,USER_IDLE,6,1538305268000USER_IDLE9991n,"2018-09-30 04:18:39",1538305268000,"2018-09-30 04:01:08"
9991n,USER_IDLE,8,1538305869000USER_IDLE9991n,"2018-09-30 04:18:39",1538305869000,"2018-09-30 04:11:09"
9991n,USER_IDLE,6,1538306769000USER_IDLE9991n,"2018-09-30 04:48:39",1538306769000,"2018-09-30 04:26:09"
9991n,USER_IDLE,8,1538307370000USER_IDLE9991n,"2018-09-30 04:48:39",1538307370000,"2018-09-30 04:36:10"
9991n,USER_IDLE,6,1538308270000USER_IDLE9991n,"2018-09-30 05:18:39",1538308270000,"2018-09-30 04:51:10"
9991n,USER_IDLE,8,1538308872000USER_IDLE9991n,"2018-09-30 05:18:39",1538308872000,"2018-09-30 05:01:12"
9991n,USER_IDLE,6,1538309771000USER_IDLE9991n,"2018-09-30 05:18:39",1538309771000,"2018-09-30 05:16:11"
9991n,USER_IDLE,8,1538310372000USER_IDLE9991n,"2018-09-30 05:48:39",1538310372000,"2018-09-30 05:26:12"
9991n,USER_IDLE,6,1538311271000USER_IDLE9991n,"2018-09-30 05:48:39",1538311271000,"2018-09-30 05:41:11"
9991n,USER_IDLE,8,1538311873000USER_IDLE9991n,"2018-09-30 06:18:39",1538311873000,"2018-09-30 05:51:13"
9991n,USER_IDLE,6,1538312772000USER_IDLE9991n,"2018-09-30 06:18:39",1538312772000,"2018-09-30 06:06:12"
9991n,USER_IDLE,8,1538313373000USER_IDLE9991n,"2018-09-30 06:18:39",1538313373000,"2018-09-30 06:16:13"
9991n,USER_IDLE,6,1538314272000USER_IDLE9991n,"2018-09-30 06:48:39",1538314272000,"2018-09-30 06:31:12"
9991n,USER_IDLE,8,1538314873000USER_IDLE9991n,"2018-09-30 06:48:39",1538314873000,"2018-09-30 06:41:13"
9991n,USER_IDLE,6,1538315773000USER_IDLE9991n,"2018-09-30 07:18:39",1538315773000,"2018-09-30 06:56:13"
9991n,USER_IDLE,8,1538316374000USER_IDLE9991n,"2018-09-30 07:18:39",1538316374000,"2018-09-30 07:06:14"
9991n,USER_IDLE,6,1538317273000USER_IDLE9991n,"2018-09-30 07:48:39",1538317273000,"2018-09-30 07:21:13"
9991n,USER_IDLE,8,1538317875000USER_IDLE9991n,"2018-09-30 07:48:39",1538317875000,"2018-09-30 07:31:15"
9991n,USER_IDLE,6,1538318774000USER_IDLE9991n,"2018-09-30 07:48:39",1538318774000,"2018-09-30 07:46:14"
9991n,USER_IDLE,8,1538319375000USER_IDLE9991n,"2018-09-30 08:18:39",1538319375000,"2018-09-30 07:56:15"
9991n,USER_IDLE,6,1538320275000USER_IDLE9991n,"2018-09-30 08:18:39",1538320275000,"2018-09-30 08:11:15"
9991n,USER_IDLE,8,1538320876000USER_IDLE9991n,"2018-09-30 08:48:39",1538320876000,"2018-09-30 08:21:16"
9991n,USER_IDLE,6,1538321775000USER_IDLE9991n,"2018-09-30 08:48:39",1538321775000,"2018-09-30 08:36:15"
9991n,USER_IDLE,8,1538322377000USER_IDLE9991n,"2018-09-30 08:48:39",1538322377000,"2018-09-30 08:46:17"
9991n,USER_IDLE,6,1538323276000USER_IDLE9991n,"2018-09-30 09:18:39",1538323276000,"2018-09-30 09:01:16"
9991n,USER_IDLE,8,1538323877000USER_IDLE9991n,"2018-09-30 09:18:39",1538323877000,"2018-09-30 09:11:17"
9991n,USER_IDLE,6,1538324776000USER_IDLE9991n,"2018-09-30 09:48:40",1538324776000,"2018-09-30 09:26:16"
9991n,USER_IDLE,8,1538325378000USER_IDLE9991n,"2018-09-30 09:48:40",1538325378000,"2018-09-30 09:36:18"
9991n,USER_IDLE,6,1538326277000USER_IDLE9991n,"2018-09-30 10:18:40",1538326277000,"2018-09-30 09:51:17"
9991n,USER_IDLE,8,1538326878000USER_IDLE9991n,"2018-09-30 10:18:40",1538326878000,"2018-09-30 10:01:18"
9991n,USER_IDLE,6,1538327777000USER_IDLE9991n,"2018-09-30 10:18:40",1538327777000,"2018-09-30 10:16:17"
9991n,USER_IDLE,8,1538328379000USER_IDLE9991n,"2018-09-30 10:48:40",1538328379000,"2018-09-30 10:26:19"
9991n,USER_IDLE,6,1538329278000USER_IDLE9991n,"2018-09-30 10:48:40",1538329278000,"2018-09-30 10:41:18"
9991n,USER_IDLE,8,1538329879000USER_IDLE9991n,"2018-09-30 11:18:40",1538329879000,"2018-09-30 10:51:19"
9991n,USER_IDLE,6,1538330778000USER_IDLE9991n,"2018-09-30 11:18:40",1538330778000,"2018-09-30 11:06:18"
9991n,USER_IDLE,8,1538331380000USER_IDLE9991n,"2018-09-30 11:18:40",1538331380000,"2018-09-30 11:16:20"
9991n,USER_IDLE,6,1538332279000USER_IDLE9991n,"2018-09-30 11:48:40",1538332279000,"2018-09-30 11:31:19"
9991n,USER_IDLE,8,1538332880000USER_IDLE9991n,"2018-09-30 11:48:40",1538332880000,"2018-09-30 11:41:20"
9991n,USER_IDLE,6,1538333779000USER_IDLE9991n,"2018-09-30 12:18:40",1538333779000,"2018-09-30 11:56:19"
9991n,USER_IDLE,8,1538334381000USER_IDLE9991n,"2018-09-30 12:18:40",1538334381000,"2018-09-30 12:06:21"
9991n,USER_IDLE,6,1538335280000USER_IDLE9991n,"2018-09-30 12:48:40",1538335280000,"2018-09-30 12:21:20"
9991n,USER_IDLE,8,1538335881000USER_IDLE9991n,"2018-09-30 12:48:40",1538335881000,"2018-09-30 12:31:21"
9991n,USER_IDLE,6,1538336780000USER_IDLE9991n,"2018-09-30 12:48:40",1538336780000,"2018-09-30 12:46:20"
9991n,USER_IDLE,8,1538337381000USER_IDLE9991n,"2018-09-30 13:18:40",1538337381000,"2018-09-30 12:56:21"
9991n,USER_IDLE,6,1538338281000USER_IDLE9991n,"2018-09-30 13:18:40",1538338281000,"2018-09-30 13:11:21"
9991n,USER_IDLE,8,1538338882000USER_IDLE9991n,"2018-09-30 13:48:40",1538338882000,"2018-09-30 13:21:22"
9991n,USER_IDLE,6,1538339781000USER_IDLE9991n,"2018-09-30 13:48:40",1538339781000,"2018-09-30 13:36:21"
9991n,USER_IDLE,8,1538340382000USER_IDLE9991n,"2018-09-30 13:48:40",1538340382000,"2018-09-30 13:46:22"
9991n,USER_IDLE,6,1538341281000USER_IDLE9991n,"2018-09-30 14:18:40",1538341281000,"2018-09-30 14:01:21"
9991n,USER_IDLE,8,1538341883000USER_IDLE9991n,"2018-09-30 14:18:40",1538341883000,"2018-09-30 14:11:23"
9991n,USER_IDLE,6,1538342782000USER_IDLE9991n,"2018-09-30 14:48:40",1538342782000,"2018-09-30 14:26:22"
9991n,USER_IDLE,8,1538343383000USER_IDLE9991n,"2018-09-30 14:48:40",1538343383000,"2018-09-30 14:36:23"
9991n,USER_IDLE,6,1538344282000USER_IDLE9991n,"2018-09-30 15:18:40",1538344282000,"2018-09-30 14:51:22"
9991n,USER_IDLE,8,1538344884000USER_IDLE9991n,"2018-09-30 15:18:40",1538344884000,"2018-09-30 15:01:24"
9991n,USER_IDLE,6,1538345783000USER_IDLE9991n,"2018-09-30 15:18:40",1538345783000,"2018-09-30 15:16:23"
9991n,USER_IDLE,8,1538346384000USER_IDLE9991n,"2018-09-30 15:48:40",1538346384000,"2018-09-30 15:26:24"
9991n,USER_IDLE,6,1538347284000USER_IDLE9991n,"2018-09-30 15:48:40",1538347284000,"2018-09-30 15:41:24"
9991n,USER_IDLE,8,1538347885000USER_IDLE9991n,"2018-09-30 16:18:40",1538347885000,"2018-09-30 15:51:25"
9991n,USER_ACTIVE,7,1538348755000USER_ACTIVE9991n,"2018-09-30 16:18:40",1538348755000,"2018-09-30 16:05:55"
9991n,USER_IDLE,15,1538348825000USER_IDLE9991n,"2018-09-30 16:18:40",1538348825000,"2018-09-30 16:07:05"
9991n,USER_IDLE,8,1538349366000USER_IDLE9991n,"2018-09-30 16:18:40",1538349366000,"2018-09-30 16:16:06"
9991n,USER_IDLE,6,1538350265000USER_IDLE9991n,"2018-09-30 16:48:40",1538350265000,"2018-09-30 16:31:05"
9991n,USER_ACTIVE,7,1538350287000USER_ACTIVE9991n,"2018-09-30 16:48:40",1538350287000,"2018-09-30 16:31:27"
9991n,USER_IDLE,15,1538350347000USER_IDLE9991n,"2018-09-30 16:48:40",1538350347000,"2018-09-30 16:32:27"
9991n,USER_IDLE,8,1538350887000USER_IDLE9991n,"2018-09-30 16:48:40",1538350887000,"2018-09-30 16:41:27"
9991n,USER_IDLE,6,1538351787000USER_IDLE9991n,"2018-09-30 17:18:40",1538351787000,"2018-09-30 16:56:27"
9991n,USER_IDLE,8,1538352388000USER_IDLE9991n,"2018-09-30 17:18:40",1538352388000,"2018-09-30 17:06:28"
9991n,USER_IDLE,6,1538353287000USER_IDLE9991n,"2018-09-30 17:48:40",1538353287000,"2018-09-30 17:21:27"
9991n,USER_IDLE,8,1538353888000USER_IDLE9991n,"2018-09-30 17:48:40",1538353888000,"2018-09-30 17:31:28"
9991n,USER_IDLE,6,1538354788000USER_IDLE9991n,"2018-09-30 17:48:40",1538354788000,"2018-09-30 17:46:28"
9991n,USER_IDLE,8,1538355389000USER_IDLE9991n,"2018-09-30 18:18:40",1538355389000,"2018-09-30 17:56:29"
9991n,USER_IDLE,6,1538356288000USER_IDLE9991n,"2018-09-30 18:18:40",1538356288000,"2018-09-30 18:11:28"
9991n,USER_IDLE,8,1538356890000USER_IDLE9991n,"2018-09-30 18:48:40",1538356890000,"2018-09-30 18:21:30"
9991n,USER_ACTIVE,7,1538357409000USER_ACTIVE9991n,"2018-09-30 18:48:40",1538357409000,"2018-09-30 18:30:09"
9991n,USER_IDLE,15,1538357469000USER_IDLE9991n,"2018-09-30 18:48:40",1538357469000,"2018-09-30 18:31:09"
9991n,USER_IDLE,8,1538358009000USER_IDLE9991n,"2018-09-30 18:48:40",1538358009000,"2018-09-30 18:40:09"
9991n,USER_ACTIVE,7,1538358723000USER_ACTIVE9991n,"2018-09-30 19:18:40",1538358723000,"2018-09-30 18:52:03"
9991n,USER_IDLE,15,1538358801000USER_IDLE9991n,"2018-09-30 19:18:40",1538358801000,"2018-09-30 18:53:21"
9991n,USER_IDLE,6,1538359700000USER_IDLE9991n,"2018-09-30 19:18:40",1538359700000,"2018-09-30 19:08:20"
9991n,USER_IDLE,8,1538360301000USER_IDLE9991n,"2018-09-30 19:18:40",1538360301000,"2018-09-30 19:18:21"
9991n,USER_IDLE,6,1538361200000USER_IDLE9991n,"2018-09-30 19:48:40",1538361200000,"2018-09-30 19:33:20"
9991n,USER_IDLE,8,1538361802000USER_IDLE9991n,"2018-09-30 19:48:40",1538361802000,"2018-09-30 19:43:22"
9991n,USER_ACTIVE,7,1538362467000USER_ACTIVE9991n,"2018-09-30 20:18:40",1538362467000,"2018-09-30 19:54:27"
9991n,USER_IDLE,15,1538362527000USER_IDLE9991n,"2018-09-30 20:18:40",1538362527000,"2018-09-30 19:55:27"
9991n,USER_IDLE,8,1538363067000USER_IDLE9991n,"2018-09-30 20:18:40",1538363067000,"2018-09-30 20:04:27"
9991n,USER_IDLE,6,1538363967000USER_IDLE9991n,"2018-09-30 20:48:40",1538363967000,"2018-09-30 20:19:27"
9991n,USER_IDLE,8,1538364568000USER_IDLE9991n,"2018-09-30 20:48:40",1538364568000,"2018-09-30 20:29:28"
9991n,USER_IDLE,6,1538365467000USER_IDLE9991n,"2018-09-30 20:48:40",1538365467000,"2018-09-30 20:44:27"
9991n,USER_IDLE,8,1538366069000USER_IDLE9991n,"2018-09-30 21:18:40",1538366069000,"2018-09-30 20:54:29"
9991n,USER_ACTIVE,7,1538366179000USER_ACTIVE9991n,"2018-09-30 21:18:40",1538366179000,"2018-09-30 20:56:19"
9991n,USER_IDLE,6,1538367078000USER_IDLE9991n,"2018-09-30 21:18:40",1538367078000,"2018-09-30 21:11:18"
9991n,USER_ACTIVE,7,1538367080000USER_ACTIVE9991n,"2018-09-30 21:18:40",1538367080000,"2018-09-30 21:11:20"
9991n,USER_IDLE,6,1538367980000USER_IDLE9991n,"2018-09-30 21:48:40",1538367980000,"2018-09-30 21:26:20"
9991n,USER_ACTIVE,7,1538367982000USER_ACTIVE9991n,"2018-09-30 21:48:40",1538367982000,"2018-09-30 21:26:22"
9991n,USER_IDLE,15,1538368065000USER_IDLE9991n,"2018-09-30 21:48:40",1538368065000,"2018-09-30 21:27:45"
9991n,USER_ACTIVE,7,1538368068000USER_ACTIVE9991n,"2018-09-30 21:48:40",1538368068000,"2018-09-30 21:27:48"
9991n,USER_IDLE,15,1538368607000USER_IDLE9991n,"2018-09-30 21:48:40",1538368607000,"2018-09-30 21:36:47"
9991n,USER_ACTIVE,7,1538368667000USER_ACTIVE9991n,"2018-09-30 21:48:40",1538368667000,"2018-09-30 21:37:47"
9991n,USER_IDLE,15,1538368771000USER_IDLE9991n,"2018-09-30 21:48:40",1538368771000,"2018-09-30 21:39:31"
9991n,USER_ACTIVE,7,1538368954000USER_ACTIVE9991n,"2018-09-30 21:48:40",1538368954000,"2018-09-30 21:42:34"
9991n,USER_IDLE,15,1538369055000USER_IDLE9991n,"2018-09-30 21:48:40",1538369055000,"2018-09-30 21:44:15"
9991n,USER_ACTIVE,7,1538369163000USER_ACTIVE9991n,"2018-09-30 21:48:40",1538369163000,"2018-09-30 21:46:03"
9991n,USER_IDLE,15,1538369387000USER_IDLE9991n,"2018-09-30 22:18:40",1538369387000,"2018-09-30 21:49:47"
9991n,USER_IDLE,8,1538369927000USER_IDLE9991n,"2018-09-30 22:18:40",1538369927000,"2018-09-30 21:58:47"
9991n,USER_IDLE,6,1538370826000USER_IDLE9991n,"2018-09-30 22:18:40",1538370826000,"2018-09-30 22:13:46"
9991n,USER_IDLE,8,1538371428000USER_IDLE9991n,"2018-09-30 22:48:40",1538371428000,"2018-09-30 22:23:48"
9991n,USER_IDLE,6,1538372327000USER_IDLE9991n,"2018-09-30 22:48:40",1538372327000,"2018-09-30 22:38:47"
9991n,USER_IDLE,8,1538372928000USER_IDLE9991n,"2018-09-30 23:18:40",1538372928000,"2018-09-30 22:48:48"
9991n,USER_IDLE,6,1538373827000USER_IDLE9991n,"2018-09-30 23:18:40",1538373827000,"2018-09-30 23:03:47"
9991n,USER_IDLE,8,1538374428000USER_IDLE9991n,"2018-09-30 23:18:40",1538374428000,"2018-09-30 23:13:48"
9991n,USER_IDLE,6,1538375328000USER_IDLE9991n,"2018-09-30 23:48:40",1538375328000,"2018-09-30 23:28:48"
9991n,USER_IDLE,8,1538375929000USER_IDLE9991n,"2018-09-30 23:48:40",1538375929000,"2018-09-30 23:38:49"
9991n,USER_IDLE,6,1538376828000USER_IDLE9991n,"2018-10-01 00:18:40",1538376828000,"2018-09-30 23:53:48"
9991n,USER_IDLE,8,1538377429000USER_IDLE9991n,"2018-10-01 00:18:40",1538377429000,"2018-10-01 00:03:49"
9991n,USER_IDLE,6,1538378329000USER_IDLE9991n,"2018-10-01 00:48:40",1538378329000,"2018-10-01 00:18:49"
9991n,USER_IDLE,8,1538378930000USER_IDLE9991n,"2018-10-01 00:48:40",1538378930000,"2018-10-01 00:28:50"
9991n,USER_IDLE,6,1538379829000USER_IDLE9991n,"2018-10-01 00:48:40",1538379829000,"2018-10-01 00:43:49"
9991n,USER_IDLE,8,1538380430000USER_IDLE9991n,"2018-10-01 01:18:40",1538380430000,"2018-10-01 00:53:50"
9991n,USER_IDLE,6,1538381330000USER_IDLE9991n,"2018-10-01 01:18:40",1538381330000,"2018-10-01 01:08:50"
9991n,USER_IDLE,8,1538381931000USER_IDLE9991n,"2018-10-01 01:48:40",1538381931000,"2018-10-01 01:18:51"
9991n,USER_IDLE,6,1538382830000USER_IDLE9991n,"2018-10-01 01:48:40",1538382830000,"2018-10-01 01:33:50"
9991n,USER_IDLE,8,1538383431000USER_IDLE9991n,"2018-10-01 01:48:40",1538383431000,"2018-10-01 01:43:51"
9991n,USER_IDLE,6,1538384331000USER_IDLE9991n,"2018-10-01 02:18:40",1538384331000,"2018-10-01 01:58:51"
9991n,USER_IDLE,8,1538384932000USER_IDLE9991n,"2018-10-01 02:18:40",1538384932000,"2018-10-01 02:08:52"
9991n,USER_IDLE,6,1538385831000USER_IDLE9991n,"2018-10-01 02:48:40",1538385831000,"2018-10-01 02:23:51"
9991n,USER_IDLE,8,1538386433000USER_IDLE9991n,"2018-10-01 02:48:40",1538386433000,"2018-10-01 02:33:53"
9991n,USER_IDLE,6,1538387332000USER_IDLE9991n,"2018-10-01 03:18:40",1538387332000,"2018-10-01 02:48:52"
9991n,USER_IDLE,8,1538387933000USER_IDLE9991n,"2018-10-01 03:18:40",1538387933000,"2018-10-01 02:58:53"
9991n,USER_IDLE,6,1538388832000USER_IDLE9991n,"2018-10-01 03:18:40",1538388832000,"2018-10-01 03:13:52"
9991n,USER_IDLE,8,1538389434000USER_IDLE9991n,"2018-10-01 03:48:40",1538389434000,"2018-10-01 03:23:54"
9991n,USER_IDLE,6,1538390333000USER_IDLE9991n,"2018-10-01 03:48:40",1538390333000,"2018-10-01 03:38:53"
9991n,USER_IDLE,8,1538390934000USER_IDLE9991n,"2018-10-01 04:18:40",1538390934000,"2018-10-01 03:48:54"
9991n,USER_IDLE,6,1538391833000USER_IDLE9991n,"2018-10-01 04:18:40",1538391833000,"2018-10-01 04:03:53"
9991n,USER_IDLE,8,1538392435000USER_IDLE9991n,"2018-10-01 04:18:40",1538392435000,"2018-10-01 04:13:55"
9991n,USER_IDLE,6,1538393334000USER_IDLE9991n,"2018-10-01 04:48:40",1538393334000,"2018-10-01 04:28:54"
9991n,USER_IDLE,8,1538393935000USER_IDLE9991n,"2018-10-01 04:48:40",1538393935000,"2018-10-01 04:38:55"
9991n,USER_IDLE,6,1538394834000USER_IDLE9991n,"2018-10-01 05:18:40",1538394834000,"2018-10-01 04:53:54"
9991n,USER_IDLE,8,1538395436000USER_IDLE9991n,"2018-10-01 05:18:40",1538395436000,"2018-10-01 05:03:56"
9991n,USER_IDLE,6,1538396335000USER_IDLE9991n,"2018-10-01 05:48:40",1538396335000,"2018-10-01 05:18:55"
9991n,USER_IDLE,8,1538396936000USER_IDLE9991n,"2018-10-01 05:48:40",1538396936000,"2018-10-01 05:28:56"
9991n,USER_IDLE,6,1538397835000USER_IDLE9991n,"2018-10-01 05:48:40",1538397835000,"2018-10-01 05:43:55"
9991n,USER_IDLE,8,1538398436000USER_IDLE9991n,"2018-10-01 06:18:40",1538398436000,"2018-10-01 05:53:56"
9991n,USER_IDLE,6,1538399336000USER_IDLE9991n,"2018-10-01 06:18:40",1538399336000,"2018-10-01 06:08:56"
9991n,USER_IDLE,8,1538399937000USER_IDLE9991n,"2018-10-01 06:48:40",1538399937000,"2018-10-01 06:18:57"
9991n,USER_IDLE,6,1538400836000USER_IDLE9991n,"2018-10-01 06:48:40",1538400836000,"2018-10-01 06:33:56"
9991n,USER_IDLE,8,1538401437000USER_IDLE9991n,"2018-10-01 06:48:40",1538401437000,"2018-10-01 06:43:57"
9991n,USER_IDLE,6,1538402337000USER_IDLE9991n,"2018-10-01 07:18:40",1538402337000,"2018-10-01 06:58:57"
9991n,USER_IDLE,8,1538402938000USER_IDLE9991n,"2018-10-01 07:18:40",1538402938000,"2018-10-01 07:08:58"
9991n,USER_IDLE,6,1538403837000USER_IDLE9991n,"2018-10-01 07:48:40",1538403837000,"2018-10-01 07:23:57"
9991n,USER_IDLE,8,1538404439000USER_IDLE9991n,"2018-10-01 07:48:40",1538404439000,"2018-10-01 07:33:59"
9991n,USER_IDLE,6,1538405338000USER_IDLE9991n,"2018-10-01 08:18:40",1538405338000,"2018-10-01 07:48:58"
9991n,USER_IDLE,8,1538405939000USER_IDLE9991n,"2018-10-01 08:18:40",1538405939000,"2018-10-01 07:58:59"
9991n,USER_ACTIVE,7,1538406253000USER_ACTIVE9991n,"2018-10-01 08:18:40",1538406253000,"2018-10-01 08:04:13"
9991n,USER_IDLE,15,1538406824000USER_IDLE9991n,"2018-10-01 08:18:40",1538406824000,"2018-10-01 08:13:44"
9991n,USER_IDLE,8,1538407364000USER_IDLE9991n,"2018-10-01 08:48:40",1538407364000,"2018-10-01 08:22:44"
9991n,USER_ACTIVE,7,1538407469000USER_ACTIVE9991n,"2018-10-01 08:48:40",1538407469000,"2018-10-01 08:24:29"
9991n,USER_IDLE,15,1538407588000USER_IDLE9991n,"2018-10-01 08:48:40",1538407588000,"2018-10-01 08:26:28"
9991n,USER_ACTIVE,7,1538407605000USER_ACTIVE9991n,"2018-10-01 08:48:40",1538407605000,"2018-10-01 08:26:45"
9991n,USER_IDLE,15,1538407691000USER_IDLE9991n,"2018-10-01 08:48:40",1538407691000,"2018-10-01 08:28:11"
9991n,USER_IDLE,6,1538408590000USER_IDLE9991n,"2018-10-01 08:48:40",1538408590000,"2018-10-01 08:43:10"
9991n,USER_ACTIVE,7,1538408698000USER_ACTIVE9991n,"2018-10-01 08:48:40",1538408698000,"2018-10-01 08:44:58"
9991n,USER_IDLE,15,1538408765000USER_IDLE9991n,"2018-10-01 08:48:40",1538408765000,"2018-10-01 08:46:05"
9991n,USER_ACTIVE,7,1538408805000USER_ACTIVE9991n,"2018-10-01 08:48:40",1538408805000,"2018-10-01 08:46:45"
9991n,USER_IDLE,15,1538408986000USER_IDLE9991n,"2018-10-01 09:18:40",1538408986000,"2018-10-01 08:49:46"
9991n,USER_IDLE,8,1538409527000USER_IDLE9991n,"2018-10-01 09:18:40",1538409527000,"2018-10-01 08:58:47"
9991n,USER_IDLE,6,1538410426000USER_IDLE9991n,"2018-10-01 09:18:40",1538410426000,"2018-10-01 09:13:46"
9991n,USER_IDLE,8,1538411027000USER_IDLE9991n,"2018-10-01 09:48:40",1538411027000,"2018-10-01 09:23:47"
9991n,USER_IDLE,6,1538411926000USER_IDLE9991n,"2018-10-01 09:48:40",1538411926000,"2018-10-01 09:38:46"
9991n,USER_IDLE,8,1538412528000USER_IDLE9991n,"2018-10-01 10:18:40",1538412528000,"2018-10-01 09:48:48"
9991n,USER_IDLE,6,1538413427000USER_IDLE9991n,"2018-10-01 10:18:40",1538413427000,"2018-10-01 10:03:47"
9991n,USER_IDLE,8,1538414028000USER_IDLE9991n,"2018-10-01 10:18:40",1538414028000,"2018-10-01 10:13:48"
9991n,USER_IDLE,6,1538414927000USER_IDLE9991n,"2018-10-01 10:48:40",1538414927000,"2018-10-01 10:28:47"
9991n,USER_IDLE,8,1538415529000USER_IDLE9991n,"2018-10-01 10:48:40",1538415529000,"2018-10-01 10:38:49"
9991n,USER_IDLE,6,1538416428000USER_IDLE9991n,"2018-10-01 11:18:40",1538416428000,"2018-10-01 10:53:48"
9991n,USER_IDLE,8,1538417029000USER_IDLE9991n,"2018-10-01 11:18:40",1538417029000,"2018-10-01 11:03:49"
9991n,USER_IDLE,6,1538417929000USER_IDLE9991n,"2018-10-01 11:48:40",1538417929000,"2018-10-01 11:18:49"
9991n,USER_IDLE,8,1538418530000USER_IDLE9991n,"2018-10-01 11:48:40",1538418530000,"2018-10-01 11:28:50"
9991n,USER_ACTIVE,7,1538418832000USER_ACTIVE9991n,"2018-10-01 11:48:40",1538418832000,"2018-10-01 11:33:52"
9991n,USER_IDLE,15,1538419413000USER_IDLE9991n,"2018-10-01 11:48:40",1538419413000,"2018-10-01 11:43:33"
9991n,USER_ACTIVE,7,1538419491000USER_ACTIVE9991n,"2018-10-01 11:48:40",1538419491000,"2018-10-01 11:44:51"
9991n,USER_IDLE,6,1538420391000USER_IDLE9991n,"2018-10-01 12:18:40",1538420391000,"2018-10-01 11:59:51"
9991n,USER_ACTIVE,7,1538420393000USER_ACTIVE9991n,"2018-10-01 12:18:40",1538420393000,"2018-10-01 11:59:53"
9991n,USER_IDLE,15,1538420948000USER_IDLE9991n,"2018-10-01 12:18:40",1538420948000,"2018-10-01 12:09:08"
9991n,USER_IDLE,8,1538421488000USER_IDLE9991n,"2018-10-01 12:18:40",1538421488000,"2018-10-01 12:18:08"
9991n,USER_ACTIVE,7,1538421795000USER_ACTIVE9991n,"2018-10-01 12:48:40",1538421795000,"2018-10-01 12:23:15"
9991n,USER_IDLE,15,1538421855000USER_IDLE9991n,"2018-10-01 12:48:40",1538421855000,"2018-10-01 12:24:15"
9991n,USER_IDLE,8,1538422396000USER_IDLE9991n,"2018-10-01 12:48:40",1538422396000,"2018-10-01 12:33:16"
9991n,USER_IDLE,6,1538423295000USER_IDLE9991n,"2018-10-01 12:48:40",1538423295000,"2018-10-01 12:48:15"
9991n,USER_ACTIVE,7,1538423402000USER_ACTIVE9991n,"2018-10-01 13:18:40",1538423402000,"2018-10-01 12:50:02"
9991n,USER_IDLE,15,1538423492000USER_IDLE9991n,"2018-10-01 13:18:40",1538423492000,"2018-10-01 12:51:32"
9991n,USER_ACTIVE,7,1538423783000USER_ACTIVE9991n,"2018-10-01 13:18:40",1538423783000,"2018-10-01 12:56:23"
9991n,USER_IDLE,6,1538424683000USER_IDLE9991n,"2018-10-01 13:18:40",1538424683000,"2018-10-01 13:11:23"
9991n,USER_ACTIVE,7,1538424685000USER_ACTIVE9991n,"2018-10-01 13:18:40",1538424685000,"2018-10-01 13:11:25"
9991n,USER_IDLE,6,1538425584000USER_IDLE9991n,"2018-10-01 13:48:40",1538425584000,"2018-10-01 13:26:24"
9991n,USER_ACTIVE,7,1538425586000USER_ACTIVE9991n,"2018-10-01 13:48:40",1538425586000,"2018-10-01 13:26:26"
9991n,USER_IDLE,15,1538425753000USER_IDLE9991n,"2018-10-01 13:48:40",1538425753000,"2018-10-01 13:29:13"
9991n,USER_ACTIVE,7,1538425833000USER_ACTIVE9991n,"2018-10-01 13:48:40",1538425833000,"2018-10-01 13:30:33"
9991n,USER_IDLE,15,1538426053000USER_IDLE9991n,"2018-10-01 13:48:40",1538426053000,"2018-10-01 13:34:13"
9991n,USER_ACTIVE,7,1538426098000USER_ACTIVE9991n,"2018-10-01 13:48:40",1538426098000,"2018-10-01 13:34:58"
9991n,USER_IDLE,6,1538426997000USER_IDLE9991n,"2018-10-01 14:18:40",1538426997000,"2018-10-01 13:49:57"
9991n,USER_ACTIVE,7,1538426999000USER_ACTIVE9991n,"2018-10-01 14:18:40",1538426999000,"2018-10-01 13:49:59"
9991n,USER_IDLE,15,1538427199000USER_IDLE9991n,"2018-10-01 14:18:40",1538427199000,"2018-10-01 13:53:19"
9991n,USER_IDLE,8,1538427739000USER_IDLE9991n,"2018-10-01 14:18:40",1538427739000,"2018-10-01 14:02:19"
9991n,USER_ACTIVE,7,1538428047000USER_ACTIVE9991n,"2018-10-01 14:18:40",1538428047000,"2018-10-01 14:07:27"
9991n,USER_IDLE,15,1538428107000USER_IDLE9991n,"2018-10-01 14:18:40",1538428107000,"2018-10-01 14:08:27"
9991n,USER_ACTIVE,7,1538428199000USER_ACTIVE9991n,"2018-10-01 14:18:40",1538428199000,"2018-10-01 14:09:59"
9991n,USER_IDLE,6,1538429098000USER_IDLE9991n,"2018-10-01 14:48:41",1538429098000,"2018-10-01 14:24:58"
9991n,USER_ACTIVE,7,1538429101000USER_ACTIVE9991n,"2018-10-01 14:48:41",1538429101000,"2018-10-01 14:25:01"
9991n,USER_IDLE,6,1538430001000USER_IDLE9991n,"2018-10-01 14:48:41",1538430001000,"2018-10-01 14:40:01"
9991n,USER_ACTIVE,7,1538430003000USER_ACTIVE9991n,"2018-10-01 14:48:41",1538430003000,"2018-10-01 14:40:03"
9991n,USER_IDLE,6,1538430903000USER_IDLE9991n,"2018-10-01 15:18:41",1538430903000,"2018-10-01 14:55:03"
9991n,USER_ACTIVE,7,1538430905000USER_ACTIVE9991n,"2018-10-01 15:18:41",1538430905000,"2018-10-01 14:55:05"
9991n,USER_IDLE,6,1538431804000USER_IDLE9991n,"2018-10-01 15:18:41",1538431804000,"2018-10-01 15:10:04"
9991n,USER_ACTIVE,7,1538431806000USER_ACTIVE9991n,"2018-10-01 15:18:41",1538431806000,"2018-10-01 15:10:06"
9991n,USER_IDLE,6,1538432706000USER_IDLE9991n,"2018-10-01 15:48:41",1538432706000,"2018-10-01 15:25:06"
9991n,USER_ACTIVE,7,1538432708000USER_ACTIVE9991n,"2018-10-01 15:48:41",1538432708000,"2018-10-01 15:25:08"
9991n,USER_IDLE,6,1538433607000USER_IDLE9991n,"2018-10-01 15:48:41",1538433607000,"2018-10-01 15:40:07"
9991n,USER_ACTIVE,7,1538433624000USER_ACTIVE9991n,"2018-10-01 15:48:41",1538433624000,"2018-10-01 15:40:24"
9991n,USER_IDLE,15,1538433692000USER_IDLE9991n,"2018-10-01 15:48:41",1538433692000,"2018-10-01 15:41:32"
9991n,USER_ACTIVE,7,1538434050000USER_ACTIVE9991n,"2018-10-01 15:48:41",1538434050000,"2018-10-01 15:47:30"
9991n,USER_IDLE,6,1538434949000USER_IDLE9991n,"2018-10-01 16:18:41",1538434949000,"2018-10-01 16:02:29"
9991n,USER_ACTIVE,7,1538434951000USER_ACTIVE9991n,"2018-10-01 16:18:41",1538434951000,"2018-10-01 16:02:31"
9991n,USER_IDLE,6,1538435850000USER_IDLE9991n,"2018-10-01 16:18:41",1538435850000,"2018-10-01 16:17:30"
9991n,USER_ACTIVE,7,1538435863000USER_ACTIVE9991n,"2018-10-01 16:18:41",1538435863000,"2018-10-01 16:17:43"
9991n,USER_IDLE,6,1538436763000USER_IDLE9991n,"2018-10-01 16:48:41",1538436763000,"2018-10-01 16:32:43"
9991n,USER_ACTIVE,7,1538436765000USER_ACTIVE9991n,"2018-10-01 16:48:41",1538436765000,"2018-10-01 16:32:45"
9991n,USER_IDLE,6,1538437664000USER_IDLE9991n,"2018-10-01 16:48:41",1538437664000,"2018-10-01 16:47:44"
9991n,USER_ACTIVE,7,1538437667000USER_ACTIVE9991n,"2018-10-01 16:48:41",1538437667000,"2018-10-01 16:47:47"
9991n,USER_IDLE,6,1538438566000USER_IDLE9991n,"2018-10-01 17:18:41",1538438566000,"2018-10-01 17:02:46"
9991n,USER_ACTIVE,7,1538438569000USER_ACTIVE9991n,"2018-10-01 17:18:41",1538438569000,"2018-10-01 17:02:49"
9991n,USER_IDLE,6,1538439468000USER_IDLE9991n,"2018-10-01 17:18:41",1538439468000,"2018-10-01 17:17:48"
9991n,USER_ACTIVE,7,1538439470000USER_ACTIVE9991n,"2018-10-01 17:18:41",1538439470000,"2018-10-01 17:17:50"
9991n,USER_IDLE,6,1538440370000USER_IDLE9991n,"2018-10-01 17:48:41",1538440370000,"2018-10-01 17:32:50"
9991n,USER_ACTIVE,7,1538440372000USER_ACTIVE9991n,"2018-10-01 17:48:41",1538440372000,"2018-10-01 17:32:52"
9991n,USER_IDLE,15,1538440502000USER_IDLE9991n,"2018-10-01 17:48:41",1538440502000,"2018-10-01 17:35:02"
9991n,USER_IDLE,8,1538441043000USER_IDLE9991n,"2018-10-01 17:48:41",1538441043000,"2018-10-01 17:44:03"
9991n,USER_ACTIVE,7,1538441487000USER_ACTIVE9991n,"2018-10-01 18:18:41",1538441487000,"2018-10-01 17:51:27"
9991n,USER_IDLE,15,1538441547000USER_IDLE9991n,"2018-10-01 18:18:41",1538441547000,"2018-10-01 17:52:27"
9991n,USER_IDLE,8,1538442087000USER_IDLE9991n,"2018-10-01 18:18:41",1538442087000,"2018-10-01 18:01:27"
9991n,USER_IDLE,6,1538442987000USER_IDLE9991n,"2018-10-01 18:18:41",1538442987000,"2018-10-01 18:16:27"
9991n,USER_IDLE,8,1538443588000USER_IDLE9991n,"2018-10-01 18:48:41",1538443588000,"2018-10-01 18:26:28"
9991n,USER_ACTIVE,7,1538444428000USER_ACTIVE9991n,"2018-10-01 18:48:41",1538444428000,"2018-10-01 18:40:28"
9991n,USER_IDLE,15,1538444777000USER_IDLE9991n,"2018-10-01 18:48:41",1538444777000,"2018-10-01 18:46:17"
9991n,USER_IDLE,8,1538445317000USER_IDLE9991n,"2018-10-01 19:18:41",1538445317000,"2018-10-01 18:55:17"
9991n,USER_IDLE,6,1538446216000USER_IDLE9991n,"2018-10-01 19:18:41",1538446216000,"2018-10-01 19:10:16"
9991n,USER_IDLE,8,1538446818000USER_IDLE9991n,"2018-10-01 19:48:41",1538446818000,"2018-10-01 19:20:18"
9991n,USER_IDLE,6,1538447718000USER_IDLE9991n,"2018-10-01 19:48:41",1538447718000,"2018-10-01 19:35:18"
9991n,USER_IDLE,8,1538448319000USER_IDLE9991n,"2018-10-01 19:48:41",1538448319000,"2018-10-01 19:45:19"
9991n,USER_IDLE,6,1538449218000USER_IDLE9991n,"2018-10-01 20:18:41",1538449218000,"2018-10-01 20:00:18"
9991n,USER_IDLE,8,1538449820000USER_IDLE9991n,"2018-10-01 20:18:41",1538449820000,"2018-10-01 20:10:20"
9991n,USER_IDLE,6,1538450719000USER_IDLE9991n,"2018-10-01 20:48:41",1538450719000,"2018-10-01 20:25:19"
9991n,USER_IDLE,8,1538451320000USER_IDLE9991n,"2018-10-01 20:48:41",1538451320000,"2018-10-01 20:35:20"
9991n,USER_IDLE,6,1538452220000USER_IDLE9991n,"2018-10-01 21:18:41",1538452220000,"2018-10-01 20:50:20"
9991n,USER_IDLE,8,1538452821000USER_IDLE9991n,"2018-10-01 21:18:41",1538452821000,"2018-10-01 21:00:21"
9991n,USER_IDLE,6,1538453720000USER_IDLE9991n,"2018-10-01 21:18:41",1538453720000,"2018-10-01 21:15:20"
9991n,USER_IDLE,8,1538454321000USER_IDLE9991n,"2018-10-01 21:48:41",1538454321000,"2018-10-01 21:25:21"
9991n,USER_IDLE,6,1538455220000USER_IDLE9991n,"2018-10-01 21:48:41",1538455220000,"2018-10-01 21:40:20"
9991n,USER_IDLE,8,1538455822000USER_IDLE9991n,"2018-10-01 22:18:41",1538455822000,"2018-10-01 21:50:22"
9991n,USER_IDLE,6,1538456721000USER_IDLE9991n,"2018-10-01 22:18:41",1538456721000,"2018-10-01 22:05:21"
9991n,USER_IDLE,8,1538457322000USER_IDLE9991n,"2018-10-01 22:18:41",1538457322000,"2018-10-01 22:15:22"
9991n,USER_ACTIVE,7,1538457759000USER_ACTIVE9991n,"2018-10-01 22:48:41",1538457759000,"2018-10-01 22:22:39"
9991n,USER_IDLE,15,1538457866000USER_IDLE9991n,"2018-10-01 22:48:41",1538457866000,"2018-10-01 22:24:26"
9991n,USER_ACTIVE,7,1538457869000USER_ACTIVE9991n,"2018-10-01 22:48:41",1538457869000,"2018-10-01 22:24:29"
9991n,USER_IDLE,15,1538458326000USER_IDLE9991n,"2018-10-01 22:48:41",1538458326000,"2018-10-01 22:32:06"
9991n,USER_ACTIVE,7,1538458373000USER_ACTIVE9991n,"2018-10-01 22:48:41",1538458373000,"2018-10-01 22:32:53"
9991n,USER_IDLE,6,1538459272000USER_IDLE9991n,"2018-10-01 22:48:41",1538459272000,"2018-10-01 22:47:52"
9991n,USER_ACTIVE,7,1538459278000USER_ACTIVE9991n,"2018-10-01 22:48:41",1538459278000,"2018-10-01 22:47:58"
9991n,USER_IDLE,15,1538459891000USER_IDLE9991n,"2018-10-01 23:18:41",1538459891000,"2018-10-01 22:58:11"
9991n,USER_ACTIVE,7,1538459969000USER_ACTIVE9991n,"2018-10-01 23:18:41",1538459969000,"2018-10-01 22:59:29"
9991n,USER_IDLE,15,1538460106000USER_IDLE9991n,"2018-10-01 23:18:41",1538460106000,"2018-10-01 23:01:46"
9991n,USER_ACTIVE,7,1538460114000USER_ACTIVE9991n,"2018-10-01 23:18:41",1538460114000,"2018-10-01 23:01:54"
9991n,USER_IDLE,15,1538460193000USER_IDLE9991n,"2018-10-01 23:18:41",1538460193000,"2018-10-01 23:03:13"
9991n,USER_ACTIVE,7,1538460714000USER_ACTIVE9991n,"2018-10-01 23:18:41",1538460714000,"2018-10-01 23:11:54"
9991n,USER_IDLE,15,1538460981000USER_IDLE9991n,"2018-10-01 23:18:41",1538460981000,"2018-10-01 23:16:21"
9991n,USER_ACTIVE,7,1538461260000USER_ACTIVE9991n,"2018-10-01 23:48:41",1538461260000,"2018-10-01 23:21:00"
9991n,USER_IDLE,6,1538462159000USER_IDLE9991n,"2018-10-01 23:48:41",1538462159000,"2018-10-01 23:35:59"
9991n,USER_ACTIVE,7,1538462171000USER_ACTIVE9991n,"2018-10-01 23:48:41",1538462171000,"2018-10-01 23:36:11"
9991n,USER_IDLE,15,1538462682000USER_IDLE9991n,"2018-10-01 23:48:41",1538462682000,"2018-10-01 23:44:42"
9991n,USER_ACTIVE,7,1538462702000USER_ACTIVE9991n,"2018-10-01 23:48:41",1538462702000,"2018-10-01 23:45:02"
9991n,USER_IDLE,15,1538462851000USER_IDLE9991n,"2018-10-01 23:48:41",1538462851000,"2018-10-01 23:47:31"
9991n,USER_ACTIVE,7,1538462997000USER_ACTIVE9991n,"2018-10-02 00:18:41",1538462997000,"2018-10-01 23:49:57"
9991n,USER_IDLE,15,1538463149000USER_IDLE9991n,"2018-10-02 00:18:41",1538463149000,"2018-10-01 23:52:29"
9991n,USER_ACTIVE,7,1538463294000USER_ACTIVE9991n,"2018-10-02 00:18:41",1538463294000,"2018-10-01 23:54:54"
9991n,USER_IDLE,15,1538463393000USER_IDLE9991n,"2018-10-02 00:18:41",1538463393000,"2018-10-01 23:56:33"
9991n,USER_ACTIVE,7,1538463457000USER_ACTIVE9991n,"2018-10-02 00:18:41",1538463457000,"2018-10-01 23:57:37"
9991n,USER_IDLE,15,1538463530000USER_IDLE9991n,"2018-10-02 00:18:41",1538463530000,"2018-10-01 23:58:50"
9991n,USER_IDLE,8,1538464070000USER_IDLE9991n,"2018-10-02 00:18:41",1538464070000,"2018-10-02 00:07:50"
9991n,USER_ACTIVE,7,1538464120000USER_ACTIVE9991n,"2018-10-02 00:18:41",1538464120000,"2018-10-02 00:08:40"
9991n,USER_IDLE,15,1538464181000USER_IDLE9991n,"2018-10-02 00:18:41",1538464181000,"2018-10-02 00:09:41"
9991n,USER_ACTIVE,7,1538464208000USER_ACTIVE9991n,"2018-10-02 00:18:41",1538464208000,"2018-10-02 00:10:08"
9991n,USER_IDLE,15,1538464336000USER_IDLE9991n,"2018-10-02 00:18:41",1538464336000,"2018-10-02 00:12:16"
9991n,USER_IDLE,6,1538465235000USER_IDLE9991n,"2018-10-02 00:48:41",1538465235000,"2018-10-02 00:27:15"
9991n,USER_IDLE,8,1538465836000USER_IDLE9991n,"2018-10-02 00:48:41",1538465836000,"2018-10-02 00:37:16"
9991n,USER_IDLE,6,1538466735000USER_IDLE9991n,"2018-10-02 01:18:41",1538466735000,"2018-10-02 00:52:15"
9991n,USER_IDLE,8,1538467337000USER_IDLE9991n,"2018-10-02 01:18:41",1538467337000,"2018-10-02 01:02:17"
9991n,USER_IDLE,6,1538468236000USER_IDLE9991n,"2018-10-02 01:18:41",1538468236000,"2018-10-02 01:17:16"
9991n,USER_IDLE,8,1538468838000USER_IDLE9991n,"2018-10-02 01:48:41",1538468838000,"2018-10-02 01:27:18"
9991n,USER_IDLE,6,1538469737000USER_IDLE9991n,"2018-10-02 01:48:41",1538469737000,"2018-10-02 01:42:17"
9991n,USER_IDLE,8,1538470339000USER_IDLE9991n,"2018-10-02 02:18:41",1538470339000,"2018-10-02 01:52:19"
9991n,USER_IDLE,6,1538471238000USER_IDLE9991n,"2018-10-02 02:18:41",1538471238000,"2018-10-02 02:07:18"
9991n,USER_IDLE,8,1538471839000USER_IDLE9991n,"2018-10-02 02:18:41",1538471839000,"2018-10-02 02:17:19"
9991n,USER_IDLE,6,1538472739000USER_IDLE9991n,"2018-10-02 02:48:41",1538472739000,"2018-10-02 02:32:19"
9991n,USER_IDLE,8,1538473340000USER_IDLE9991n,"2018-10-02 02:48:41",1538473340000,"2018-10-02 02:42:20"
9991n,USER_IDLE,6,1538474239000USER_IDLE9991n,"2018-10-02 03:18:41",1538474239000,"2018-10-02 02:57:19"
9991n,USER_IDLE,8,1538474840000USER_IDLE9991n,"2018-10-02 03:18:41",1538474840000,"2018-10-02 03:07:20"
9991n,USER_IDLE,6,1538475740000USER_IDLE9991n,"2018-10-02 03:48:41",1538475740000,"2018-10-02 03:22:20"
9991n,USER_IDLE,8,1538476341000USER_IDLE9991n,"2018-10-02 03:48:41",1538476341000,"2018-10-02 03:32:21"
9991n,USER_IDLE,6,1538477240000USER_IDLE9991n,"2018-10-02 03:48:41",1538477240000,"2018-10-02 03:47:20"
9991n,USER_IDLE,8,1538477841000USER_IDLE9991n,"2018-10-02 04:18:41",1538477841000,"2018-10-02 03:57:21"
9991n,USER_IDLE,6,1538478740000USER_IDLE9991n,"2018-10-02 04:18:41",1538478740000,"2018-10-02 04:12:20"
9991n,USER_IDLE,8,1538479342000USER_IDLE9991n,"2018-10-02 04:48:41",1538479342000,"2018-10-02 04:22:22"
9991n,USER_IDLE,6,1538480241000USER_IDLE9991n,"2018-10-02 04:48:41",1538480241000,"2018-10-02 04:37:21"
9991n,USER_IDLE,8,1538480842000USER_IDLE9991n,"2018-10-02 04:48:41",1538480842000,"2018-10-02 04:47:22"
9991n,USER_IDLE,6,1538481742000USER_IDLE9991n,"2018-10-02 05:18:41",1538481742000,"2018-10-02 05:02:22"
9991n,USER_IDLE,8,1538482343000USER_IDLE9991n,"2018-10-02 05:18:41",1538482343000,"2018-10-02 05:12:23"
9991n,USER_IDLE,6,1538483244000USER_IDLE9991n,"2018-10-02 05:48:41",1538483244000,"2018-10-02 05:27:24"
9991n,USER_IDLE,8,1538483845000USER_IDLE9991n,"2018-10-02 05:48:41",1538483845000,"2018-10-02 05:37:25"
9991n,USER_IDLE,6,1538484744000USER_IDLE9991n,"2018-10-02 06:18:41",1538484744000,"2018-10-02 05:52:24"
9991n,USER_IDLE,8,1538485346000USER_IDLE9991n,"2018-10-02 06:18:41",1538485346000,"2018-10-02 06:02:26"
9991n,USER_IDLE,6,1538486245000USER_IDLE9991n,"2018-10-02 06:18:41",1538486245000,"2018-10-02 06:17:25"
9991n,USER_IDLE,8,1538486846000USER_IDLE9991n,"2018-10-02 06:48:41",1538486846000,"2018-10-02 06:27:26"
9991n,USER_IDLE,6,1538487746000USER_IDLE9991n,"2018-10-02 06:48:41",1538487746000,"2018-10-02 06:42:26"
9991n,USER_IDLE,8,1538488347000USER_IDLE9991n,"2018-10-02 07:18:41",1538488347000,"2018-10-02 06:52:27"
9991n,USER_IDLE,6,1538489246000USER_IDLE9991n,"2018-10-02 07:18:41",1538489246000,"2018-10-02 07:07:26"
9991n,USER_IDLE,8,1538489848000USER_IDLE9991n,"2018-10-02 07:18:41",1538489848000,"2018-10-02 07:17:28"
9991n,USER_IDLE,6,1538490747000USER_IDLE9991n,"2018-10-02 07:48:41",1538490747000,"2018-10-02 07:32:27"
9991n,USER_IDLE,8,1538491349000USER_IDLE9991n,"2018-10-02 07:48:41",1538491349000,"2018-10-02 07:42:29"
9991n,USER_IDLE,6,1538492248000USER_IDLE9991n,"2018-10-02 08:18:41",1538492248000,"2018-10-02 07:57:28"
9991n,USER_IDLE,8,1538492849000USER_IDLE9991n,"2018-10-02 08:18:41",1538492849000,"2018-10-02 08:07:29"
9991n,USER_ACTIVE,7,1538493037000USER_ACTIVE9991n,"2018-10-02 08:18:41",1538493037000,"2018-10-02 08:10:37"
9991n,USER_IDLE,15,1538493137000USER_IDLE9991n,"2018-10-02 08:18:41",1538493137000,"2018-10-02 08:12:17"
9991n,USER_IDLE,8,1538493678000USER_IDLE9991n,"2018-10-02 08:48:41",1538493678000,"2018-10-02 08:21:18"
9991n,USER_IDLE,6,1538494577000USER_IDLE9991n,"2018-10-02 08:48:41",1538494577000,"2018-10-02 08:36:17"
9991n,USER_ACTIVE,7,1538494655000USER_ACTIVE9991n,"2018-10-02 08:48:41",1538494655000,"2018-10-02 08:37:35"
9991n,USER_IDLE,15,1538494715000USER_IDLE9991n,"2018-10-02 08:48:41",1538494715000,"2018-10-02 08:38:35"
9991n,USER_ACTIVE,7,1538495108000USER_ACTIVE9991n,"2018-10-02 08:48:41",1538495108000,"2018-10-02 08:45:08"
9991n,USER_IDLE,15,1538495168000USER_IDLE9991n,"2018-10-02 08:48:41",1538495168000,"2018-10-02 08:46:08"
9991n,USER_IDLE,8,1538495708000USER_IDLE9991n,"2018-10-02 09:18:41",1538495708000,"2018-10-02 08:55:08"
9991n,USER_IDLE,6,1538496608000USER_IDLE9991n,"2018-10-02 09:18:41",1538496608000,"2018-10-02 09:10:08"
9991n,USER_IDLE,8,1538497209000USER_IDLE9991n,"2018-10-02 09:48:41",1538497209000,"2018-10-02 09:20:09"
9991n,USER_IDLE,6,1538498108000USER_IDLE9991n,"2018-10-02 09:48:41",1538498108000,"2018-10-02 09:35:08"
9991n,USER_IDLE,8,1538498709000USER_IDLE9991n,"2018-10-02 09:48:41",1538498709000,"2018-10-02 09:45:09"
9991n,USER_IDLE,6,1538499609000USER_IDLE9991n,"2018-10-02 10:18:41",1538499609000,"2018-10-02 10:00:09"
9991n,USER_IDLE,8,1538500210000USER_IDLE9991n,"2018-10-02 10:18:41",1538500210000,"2018-10-02 10:10:10"
9991n,USER_ACTIVE,7,1538500646000USER_ACTIVE9991n,"2018-10-02 10:18:41",1538500646000,"2018-10-02 10:17:26"
9991n,USER_IDLE,15,1538500720000USER_IDLE9991n,"2018-10-02 10:18:41",1538500720000,"2018-10-02 10:18:40"
9991n,USER_ACTIVE,7,1538500941000USER_ACTIVE9991n,"2018-10-02 10:48:41",1538500941000,"2018-10-02 10:22:21"
9991n,USER_IDLE,15,1538501079000USER_IDLE9991n,"2018-10-02 10:48:41",1538501079000,"2018-10-02 10:24:39"
9991n,USER_ACTIVE,7,1538501104000USER_ACTIVE9991n,"2018-10-02 10:48:41",1538501104000,"2018-10-02 10:25:04"
9991n,USER_IDLE,15,1538501333000USER_IDLE9991n,"2018-10-02 10:48:41",1538501333000,"2018-10-02 10:28:53"
9991n,USER_ACTIVE,7,1538501551000USER_ACTIVE9991n,"2018-10-02 10:48:41",1538501551000,"2018-10-02 10:32:31"
9991n,USER_IDLE,15,1538501640000USER_IDLE9991n,"2018-10-02 10:48:41",1538501640000,"2018-10-02 10:34:00"
9991n,USER_ACTIVE,7,1538501802000USER_ACTIVE9991n,"2018-10-02 10:48:41",1538501802000,"2018-10-02 10:36:42"
